[
  {
    "id": "escola_1_nan",
    "numero": NaN,
    "nome": "SECRETARIA MUNICIPAL DE EDUCAÇÃO",
    "tipo": "ESCOLA MUNICIPAL",
    "distrito": 1,
    "bairro": "",
    "endereco": "Rua Prefeito José Carlos Lacerda, n° 1424   Bairro 25 de Agosto Duque de Caxias -",
    "endereco_completo": null,
    "cep": "",
    "telefone": "",
    "cidade": null,
    "estado": null,
    "ddd": null,
    "codigo_ibge": null,
    "viacep_consultado": false
  },
  {
    "id": "escola_1_1",
    "numero": 1,
    "nome": "CCAIC - JARDIM GRAMACHO",
    "tipo": "CCAIC",
    "distrito": 1,
    "bairro": "Jardim Gramacho",
    "endereco": "Rua Paracatu, Lt 48 Qd 84 Jardim Gramacho",
    "endereco_completo": "Rua Paracatu - Jardim Gramacho, Duque de Caxias",
    "cep": "25055-110",
    "telefone": "2671-1558",
    "cidade": "Duque de Caxias",
    "estado": "RJ",
    "ddd": "21",
    "codigo_ibge": "3301702",
    "viacep_consultado": true
  },
  {
    "id": "escola_1_2",
    "numero": 2,
    "nome": "CCAIC - OLAVO BILAC",
    "tipo": "CCAIC",
    "distrito": 1,
    "bairro": "Olavo Bilac",
    "endereco": "Rua Leverge, nº 193 - Olavo Bilac -",
    "endereco_completo": "Rua Leverger - Olavo Bilac, Duque de Caxias",
    "cep": "25036-190",
    "telefone": "2772-5404",
    "cidade": "Duque de Caxias",
    "estado": "RJ",
    "ddd": "21",
    "codigo_ibge": "3301702",
    "viacep_consultado": true
  },
  {
    "id": "escola_1_3",
    "numero": 3,
    "nome": "CRECHE MUNICIPAL ABNE MARQUES \nDE ABREU",
    "tipo": "CRECHE",
    "distrito": 1,
    "bairro": "Vila Centenário",
    "endereco": "Rua Boa Viagem, s/nº - Centenário -",
    "endereco_completo": "Rua Boa Viagem - Vila Centenário, Duque de Caxias",
    "cep": "25030-300",
    "telefone": "2783-3620",
    "cidade": "Duque de Caxias",
    "estado": "RJ",
    "ddd": "21",
    "codigo_ibge": "3301702",
    "viacep_consultado": true
  },
  {
    "id": "escola_1_4",
    "numero": 4,
    "nome": "CRECHE E PRÉ- ESC MUNICIPAL COMUNITÁRIA SÃO SEBASTIÃO",
    "tipo": "CRECHE",
    "distrito": 1,
    "bairro": "Vila São Luís",
    "endereco": "Av. Expedicionário José Amaro, nº 1353 -  Vila S Luiz -",
    "endereco_completo": "Rua Expedicionário José Amaro - Vila São Luís, Duque de Caxias",
    "cep": "25065-090",
    "telefone": "2783-8368",
    "cidade": "Duque de Caxias",
    "estado": "RJ",
    "ddd": "21",
    "codigo_ibge": "3301702",
    "viacep_consultado": true
  },
  {
    "id": "escola_1_5",
    "numero": 5,
    "nome": "CRECHE e PRE-ESC MUNICIPAL ELISA MATHIAS DE \nARAÚJO",
    "tipo": "CRECHE",
    "distrito": 1,
    "bairro": "Vila Operária",
    "endereco": "Rua Paulo Biar, s/nº - Parque Felicidade",
    "endereco_completo": "Praça Paulo Biar - Vila Operária, Duque de Caxias",
    "cep": "25080-420",
    "telefone": "2759-7590",
    "cidade": "Duque de Caxias",
    "estado": "RJ",
    "ddd": "21",
    "codigo_ibge": "3301702",
    "viacep_consultado": true
  },
  {
    "id": "escola_1_6",
    "numero": 6,
    "nome": "CRECHE E PRÉ-ESC MUNICIPAL GANDUR ASSED",
    "tipo": "CRECHE",
    "distrito": 1,
    "bairro": "Parque das Missões",
    "endereco": "Rua 01, nº 02 - km 0 - Rodovia Washington Luis -  Parque das Missões -",
    "endereco_completo": "Avenida Um - Parque das Missões, Duque de Caxias",
    "cep": "25086-450",
    "telefone": "2290-7874  - | 3105-5335",
    "cidade": "Duque de Caxias",
    "estado": "RJ",
    "ddd": "21",
    "codigo_ibge": "3301702",
    "viacep_consultado": true
  },
  {
    "id": "escola_1_7",
    "numero": 7,
    "nome": "CRECHE MUNICIPAL GRACIESSE LUIZA \nDA SILVA LOURENÇO",
    "tipo": "CRECHE",
    "distrito": 1,
    "bairro": "Vila São Sebastião",
    "endereco": "Rua Leandro da Mota, nº 159 - Dr. Laureano",
    "endereco_completo": "Avenida Leandro da Mota - Vila São Sebastião, Duque de Caxias",
    "cep": "25065-175",
    "telefone": "3651-4955",
    "cidade": "Duque de Caxias",
    "estado": "RJ",
    "ddd": "21",
    "codigo_ibge": "3301702",
    "viacep_consultado": true
  },
  {
    "id": "escola_1_8",
    "numero": 8,
    "nome": "CRECHE MUNICIPAL IRACY MOREIRA \nTHEODORO",
    "tipo": "CRECHE",
    "distrito": 1,
    "bairro": "Parque Lafaiete",
    "endereco": "Rua Alcantara, s/nº - Prainha -",
    "endereco_completo": "Rua Alcântara - Parque Lafaiete, Duque de Caxias",
    "cep": "25015-580",
    "telefone": "3777-5189",
    "cidade": "Duque de Caxias",
    "estado": "RJ",
    "ddd": "21",
    "codigo_ibge": "3301702",
    "viacep_consultado": true
  },
  {
    "id": "escola_1_9",
    "numero": 9,
    "nome": "CRECHE MUNICIPAL LÚCIA DE FATIMA BOMFIM DE CASTRO E SILVA",
    "tipo": "CRECHE",
    "distrito": 1,
    "bairro": "Jardim Vinte e Cinco de Agosto",
    "endereco": "R. Mariz e Barros, nº 594 - Jardim 25 de Agosto",
    "endereco_completo": "Rua Mariz e Barros - Jardim Vinte e Cinco de Agosto, Duque de Caxias",
    "cep": "25075-282",
    "telefone": "",
    "cidade": "Duque de Caxias",
    "estado": "RJ",
    "ddd": "21",
    "codigo_ibge": "3301702",
    "viacep_consultado": true
  },
  {
    "id": "escola_1_10",
    "numero": 10,
    "nome": "CRECHE e PRÉ - ESCOLA MUNICIPAL \nMARIA JOSÉ DA CONCEIÇÃO",
    "tipo": "CRECHE",
    "distrito": 1,
    "bairro": "Vila Leopoldina",
    "endereco": "Rua Viçosa s/nº - Vila Leopoldina - Jardim Leal",
    "endereco_completo": "Rua Viçosa - Vila Leopoldina, Duque de Caxias",
    "cep": "25035-330",
    "telefone": "3774-0927",
    "cidade": "Duque de Caxias",
    "estado": "RJ",
    "ddd": "21",
    "codigo_ibge": "3301702",
    "viacep_consultado": true
  },
  {
    "id": "escola_1_11",
    "numero": 11,
    "nome": "CRECHE e ESCOLA MUNICIPAL PARTEIRA \nODETE MARIA DE OLIVEIRA",
    "tipo": "CRECHE",
    "distrito": 1,
    "bairro": "Olavo Bilac",
    "endereco": "Rua Aristides Caire, s/nº -  Jardim Olavo Bilac",
    "endereco_completo": "Rua Aristides Caire - Olavo Bilac, Duque de Caxias",
    "cep": "25035-170",
    "telefone": "3658-1613",
    "cidade": "Duque de Caxias",
    "estado": "RJ",
    "ddd": "21",
    "codigo_ibge": "3301702",
    "viacep_consultado": true
  },
  {
    "id": "escola_1_12",
    "numero": 12,
    "nome": "CRECHE e EM BENÍZIO JOSÉ DA SILVA",
    "tipo": "CRECHE",
    "distrito": 1,
    "bairro": "Vila Centenário",
    "endereco": "Rua da Mina, s/nº - Pq. Senhor do Bonfim -",
    "endereco_completo": "Rua Saudade - Vila Centenário, Duque de Caxias",
    "cep": "25025-050",
    "telefone": "2674-8652",
    "cidade": "Duque de Caxias",
    "estado": "RJ",
    "ddd": "21",
    "codigo_ibge": "3301702",
    "viacep_consultado": true
  },
  {
    "id": "escola_1_13",
    "numero": 13,
    "nome": "CRECHE e EM DR. ÁLVARO ALBERTO",
    "tipo": "CRECHE",
    "distrito": 1,
    "bairro": "Centro",
    "endereco": "Rua Deputado Romeiro Junior, nº 273 - Centro",
    "endereco_completo": "Rua Raimundo Lourenço da Silva - Centro, Duque de Caxias",
    "cep": "25010-100",
    "telefone": "2674-2659",
    "cidade": "Duque de Caxias",
    "estado": "RJ",
    "ddd": "21",
    "codigo_ibge": "3301702",
    "viacep_consultado": true
  },
  {
    "id": "escola_1_14",
    "numero": 14,
    "nome": "CRECHE e EM POETISA CECÍLIA \nMEIRELES",
    "tipo": "CRECHE",
    "distrito": 1,
    "bairro": "Vila Sarapuí",
    "endereco": "Av: Republica do Paraguai, nº 120 - Sarapuí",
    "endereco_completo": "Avenida Perimetral República do Paraguai - Vila Sarapuí, Duque de Caxias",
    "cep": "25050-100",
    "telefone": "3774-6708",
    "cidade": "Duque de Caxias",
    "estado": "RJ",
    "ddd": "21",
    "codigo_ibge": "3301702",
    "viacep_consultado": true
  },
  {
    "id": "escola_1_15",
    "numero": 15,
    "nome": "CRECHE E ESCOLA MUNICIPAL PROFª LAURA \nD'AQUINO LONGO",
    "tipo": "CRECHE",
    "distrito": 1,
    "bairro": "Olavo Bilac",
    "endereco": "Rua Curusá, s/nº - Olavo Bilac",
    "endereco_completo": "Rua Curuca - Olavo Bilac, Duque de Caxias",
    "cep": "25036-300",
    "telefone": "3777-4623",
    "cidade": "Duque de Caxias",
    "estado": "RJ",
    "ddd": "21",
    "codigo_ibge": "3301702",
    "viacep_consultado": true
  },
  {
    "id": "escola_1_16",
    "numero": 16,
    "nome": "CRECHE MUNICIPAL TERESA DE LISIEUX",
    "tipo": "CRECHE",
    "distrito": 1,
    "bairro": "Vila Itamarati",
    "endereco": "Rua Itabira, nº 575 - Vila Itamarati",
    "endereco_completo": "Rua Itabira - Vila Itamarati, Duque de Caxias",
    "cep": "25070-260",
    "telefone": "2653-1230",
    "cidade": "Duque de Caxias",
    "estado": "RJ",
    "ddd": "21",
    "codigo_ibge": "3301702",
    "viacep_consultado": true
  },
  {
    "id": "escola_1_17",
    "numero": 17,
    "nome": "CRECHE e PRÉ-ESC MUNICIPAL UBALDINA \nALVES DA SILVA",
    "tipo": "CRECHE",
    "distrito": 1,
    "bairro": "Jardim Gramacho",
    "endereco": "Av. Pistóia, Lt 70 Qd 16 - Jardim Gramacho",
    "endereco_completo": null,
    "cep": "25055-252",
    "telefone": "3774-0612",
    "cidade": null,
    "estado": null,
    "ddd": null,
    "codigo_ibge": null,
    "viacep_consultado": false
  },
  {
    "id": "escola_1_18",
    "numero": 18,
    "nome": "CRECHE E PRÉ- ESC MUNICIPAL PROFº\nJOÃO DE OLIVEIRA",
    "tipo": "CRECHE",
    "distrito": 1,
    "bairro": "Centro",
    "endereco": "Rua Manoel Vieira, s/nº - Centenário",
    "endereco_completo": "Rua Manuel Vieira - Centro, Duque de Caxias",
    "cep": "25020-210",
    "telefone": "2674-7177",
    "cidade": "Duque de Caxias",
    "estado": "RJ",
    "ddd": "21",
    "codigo_ibge": "3301702",
    "viacep_consultado": true
  },
  {
    "id": "escola_1_xxx",
    "numero": "xxx",
    "nome": "ANEXO (Creche) : IGREJA METODISTA  CENTRAL DE \nDUQUE DE CAXIAS",
    "tipo": "ESCOLA MUNICIPAL",
    "distrito": 1,
    "bairro": "Centro",
    "endereco": "Avenida Presidente Kennedy, 2273 - Centro",
    "endereco_completo": null,
    "cep": "",
    "telefone": "",
    "cidade": null,
    "estado": null,
    "ddd": null,
    "codigo_ibge": null,
    "viacep_consultado": false
  },
  {
    "id": "escola_1_19",
    "numero": 19,
    "nome": "CRECHE E PRÉ -ESCOLA MUNICIPAL PEQUENO GUERREIRO",
    "tipo": "CRECHE",
    "distrito": 1,
    "bairro": "",
    "endereco": "Rua Primeiro de Maio, nº 1099 – Itatiaia",
    "endereco_completo": null,
    "cep": "",
    "telefone": "",
    "cidade": null,
    "estado": null,
    "ddd": null,
    "codigo_ibge": null,
    "viacep_consultado": false
  },
  {
    "id": "escola_1_20",
    "numero": 20,
    "nome": "CIEP BRIZOLÃO MUNICIPALIZADO 097 - CARLOS CHAGAS",
    "tipo": "CIEP",
    "distrito": 1,
    "bairro": "Vila Sarapuí",
    "endereco": "Av. República do Paraguai, s/nº  - Sarapuí",
    "endereco_completo": "Avenida Perimetral República do Paraguai - Vila Sarapuí, Duque de Caxias",
    "cep": "25050-100",
    "telefone": "3658-1905",
    "cidade": "Duque de Caxias",
    "estado": "RJ",
    "ddd": "21",
    "codigo_ibge": "3301702",
    "viacep_consultado": true
  },
  {
    "id": "escola_1_21",
    "numero": 21,
    "nome": "CIEP BRIZOLÃO MUNICICPALIZADO 405 - MINISTRO SANTIAGO DANTAS",
    "tipo": "CIEP",
    "distrito": 1,
    "bairro": "Vila Itamarati",
    "endereco": "Rua Primeiro de Maio, nº 159 – Itatiaia",
    "endereco_completo": "Rua Primeiro de Maio - Vila Itamarati, Duque de Caxias",
    "cep": "25070-440",
    "telefone": "2671-2386",
    "cidade": "Duque de Caxias",
    "estado": "RJ",
    "ddd": "21",
    "codigo_ibge": "3301702",
    "viacep_consultado": true
  },
  {
    "id": "escola_1_22",
    "numero": 22,
    "nome": "EM ALINE GONÇALVES DE LIMA (UNIDADE EM OBRA)",
    "tipo": "ESCOLA MUNICIPAL",
    "distrito": 1,
    "bairro": "Parque Boa Vista II",
    "endereco": "Rua da Assembléia, s/nº - Vila Beira Mar",
    "endereco_completo": "Travessa Pereira Passos - Parque Boa Vista II, Duque de Caxias",
    "cep": "25085-300",
    "telefone": "2775-0155",
    "cidade": "Duque de Caxias",
    "estado": "RJ",
    "ddd": "21",
    "codigo_ibge": "3301702",
    "viacep_consultado": true
  },
  {
    "id": "escola_1_23",
    "numero": 23,
    "nome": "EM ANA DE SOUZA HERDY (CIEP  031 LIRIO DO LAGUNA)",
    "tipo": "CIEP",
    "distrito": 1,
    "bairro": "Centro",
    "endereco": "Rua Tenente José Nilson Teixeira da Silva",
    "endereco_completo": "Rua Capitão Pedro Rufino - Centro, Duque de Caxias",
    "cep": "25011-300",
    "telefone": "",
    "cidade": "Duque de Caxias",
    "estado": "RJ",
    "ddd": "21",
    "codigo_ibge": "3301702",
    "viacep_consultado": true
  },
  {
    "id": "escola_1_24",
    "numero": 24,
    "nome": "EM ANA NERY",
    "tipo": "ESCOLA MUNICIPAL",
    "distrito": 1,
    "bairro": "Vila Sarapuí",
    "endereco": "Rua Porto Seguro, s/nº - Dr. Laureano",
    "endereco_completo": "Rua do Cobre - Vila Sarapuí, Duque de Caxias",
    "cep": "25050-200",
    "telefone": "2652-7872",
    "cidade": "Duque de Caxias",
    "estado": "RJ",
    "ddd": "21",
    "codigo_ibge": "3301702",
    "viacep_consultado": true
  },
  {
    "id": "escola_1_25",
    "numero": 25,
    "nome": "EM ANÍSIO SPÍNOLA TEIXEIRA",
    "tipo": "ESCOLA MUNICIPAL",
    "distrito": 1,
    "bairro": "Vila Leopoldina",
    "endereco": "Rua Petrópolis, 77 - Corte Oito",
    "endereco_completo": "Rua Petrópolis - Vila Leopoldina, Duque de Caxias",
    "cep": "25030-060",
    "telefone": "3651-8524",
    "cidade": "Duque de Caxias",
    "estado": "RJ",
    "ddd": "21",
    "codigo_ibge": "3301702",
    "viacep_consultado": true
  },
  {
    "id": "escola_1_26",
    "numero": 26,
    "nome": "EM BARÃO DO RIO BRANCO",
    "tipo": "ESCOLA MUNICIPAL",
    "distrito": 1,
    "bairro": "Gramacho",
    "endereco": "R. Joaquim José Soares, s/nº - Gramacho",
    "endereco_completo": null,
    "cep": "25035-180",
    "telefone": "3657-4763",
    "cidade": null,
    "estado": null,
    "ddd": null,
    "codigo_ibge": null,
    "viacep_consultado": false
  },
  {
    "id": "escola_1_27",
    "numero": 27,
    "nome": "EM CARLOTA MACHADO",
    "tipo": "ESCOLA MUNICIPAL",
    "distrito": 1,
    "bairro": "Centro",
    "endereco": "Rua Manuel Vieira, s/nº - Centenário",
    "endereco_completo": "Rua Manuel Vieira - Centro, Duque de Caxias",
    "cep": "25020-210",
    "telefone": "3777-7241",
    "cidade": "Duque de Caxias",
    "estado": "RJ",
    "ddd": "21",
    "codigo_ibge": "3301702",
    "viacep_consultado": true
  },
  {
    "id": "escola_1_28",
    "numero": 28,
    "nome": "EE MUNICIPALIZADA CASTRO ALVES",
    "tipo": "ESCOLA MUNICIPAL",
    "distrito": 1,
    "bairro": "Vila Guanabara",
    "endereco": "Rua Guarani, 268 - Vila Guanabara - Pq Felicidade",
    "endereco_completo": "Rua Guarani - Vila Guanabara, Duque de Caxias",
    "cep": "25080-250",
    "telefone": "3673-6745",
    "cidade": "Duque de Caxias",
    "estado": "RJ",
    "ddd": "21",
    "codigo_ibge": "3301702",
    "viacep_consultado": true
  },
  {
    "id": "escola_1_29",
    "numero": 29,
    "nome": "EM CORA CORALINA",
    "tipo": "ESCOLA MUNICIPAL",
    "distrito": 1,
    "bairro": "Gramacho",
    "endereco": "Av Darcy Vargas, 21 - Gramacho",
    "endereco_completo": null,
    "cep": "25023-250",
    "telefone": "2652-9080  - | 3666-3075",
    "cidade": null,
    "estado": null,
    "ddd": null,
    "codigo_ibge": null,
    "viacep_consultado": false
  },
  {
    "id": "escola_1_30",
    "numero": 30,
    "nome": "EM DARCY RIBEIRO",
    "tipo": "ESCOLA MUNICIPAL",
    "distrito": 1,
    "bairro": "Centro",
    "endereco": "Rua Paulo Moreno, 662 - Laguna e Dourados",
    "endereco_completo": "Rua Paulo Moreno - Centro, Duque de Caxias",
    "cep": "25011-350",
    "telefone": "3652-6474",
    "cidade": "Duque de Caxias",
    "estado": "RJ",
    "ddd": "21",
    "codigo_ibge": "3301702",
    "viacep_consultado": true
  },
  {
    "id": "escola_1_31",
    "numero": 31,
    "nome": "EM DARCY VARGAS",
    "tipo": "ESCOLA MUNICIPAL",
    "distrito": 1,
    "bairro": "Vila Leopoldina",
    "endereco": "Rua João Clementino, 817 - V Leopoldina  - Bananal",
    "endereco_completo": "Rua Doutor João Clementino - Vila Leopoldina, Duque de Caxias",
    "cep": "25036-120",
    "telefone": "3652-6474",
    "cidade": "Duque de Caxias",
    "estado": "RJ",
    "ddd": "21",
    "codigo_ibge": "3301702",
    "viacep_consultado": true
  },
  {
    "id": "escola_1_32",
    "numero": 32,
    "nome": "EM Dr GASTÃO REIS",
    "tipo": "ESCOLA MUNICIPAL",
    "distrito": 1,
    "bairro": "Vila Leopoldina",
    "endereco": "Rua Petropólis , 405 - Corte Oito  CEP 25030-060",
    "endereco_completo": "Rua Petrópolis - Vila Leopoldina, Duque de Caxias",
    "cep": "25030-060",
    "telefone": "3652-0018",
    "cidade": "Duque de Caxias",
    "estado": "RJ",
    "ddd": "21",
    "codigo_ibge": "3301702",
    "viacep_consultado": true
  },
  {
    "id": "escola_1_33",
    "numero": 33,
    "nome": "EM Dr RICARDO AUGUSTO DE AZEREDO \nVIANNA",
    "tipo": "ESCOLA MUNICIPAL",
    "distrito": 1,
    "bairro": "Olavo Bilac",
    "endereco": "Av Dep. Almeida Franco, Lt 5 Qd 61 - Jd. Olavo Bilac",
    "endereco_completo": "Avenida Deputado Almeida Franco - Olavo Bilac, Duque de Caxias",
    "cep": "25025-350",
    "telefone": "2783-4852",
    "cidade": "Duque de Caxias",
    "estado": "RJ",
    "ddd": "21",
    "codigo_ibge": "3301702",
    "viacep_consultado": true
  },
  {
    "id": "escola_1_34",
    "numero": 34,
    "nome": "EM EXPEDICIONÁRIO AQUINO DE ARAÚJO",
    "tipo": "ESCOLA MUNICIPAL",
    "distrito": 1,
    "bairro": "Vila São Luís",
    "endereco": "Rua General Manoel Rabelo, 593 - Vila São Luís",
    "endereco_completo": "Rua General Manoel Rabelo - Vila São Luís, Duque de Caxias",
    "cep": "25065-050",
    "telefone": "2771-5591",
    "cidade": "Duque de Caxias",
    "estado": "RJ",
    "ddd": "21",
    "codigo_ibge": "3301702",
    "viacep_consultado": true
  },
  {
    "id": "escola_1_35",
    "numero": 35,
    "nome": "EM GENERAL SAMPAIO",
    "tipo": "ESCOLA MUNICIPAL",
    "distrito": 1,
    "bairro": "Doutor Laureano",
    "endereco": "Rua Pres Juscelino K. de Oliveira, 3374 - Copacabana",
    "endereco_completo": "Avenida Leandro da Mota - Doutor Laureano, Duque de Caxias",
    "cep": "25060-190",
    "telefone": "3651-9232  - 2031-2113",
    "cidade": "Duque de Caxias",
    "estado": "RJ",
    "ddd": "21",
    "codigo_ibge": "3301702",
    "viacep_consultado": true
  },
  {
    "id": "escola_1_36",
    "numero": 36,
    "nome": "EE MUNICIPALIZADA GENERAL TIBÚRCIO",
    "tipo": "ESCOLA MUNICIPAL",
    "distrito": 1,
    "bairro": "Doutor Laureano",
    "endereco": "Rua Pres Juscelino K. de Oliveira, 4160 - Copacabana",
    "endereco_completo": "Avenida Leandro da Mota - Doutor Laureano, Duque de Caxias",
    "cep": "25060-190",
    "telefone": "2775-4612",
    "cidade": "Duque de Caxias",
    "estado": "RJ",
    "ddd": "21",
    "codigo_ibge": "3301702",
    "viacep_consultado": true
  },
  {
    "id": "escola_1_37",
    "numero": 37,
    "nome": "EE MUNICIPALIZADA GUSTAVO ARMBRUST",
    "tipo": "ESCOLA MUNICIPAL",
    "distrito": 1,
    "bairro": "Olavo Bilac",
    "endereco": "Praça Otávio Carneiro, Lt 10 Qd 39 - Olavo Bilac",
    "endereco_completo": "Praça Otávio Carneiro - Olavo Bilac, Duque de Caxias",
    "cep": "25036-460",
    "telefone": "2783-1408",
    "cidade": "Duque de Caxias",
    "estado": "RJ",
    "ddd": "21",
    "codigo_ibge": "3301702",
    "viacep_consultado": true
  },
  {
    "id": "escola_1_38",
    "numero": 38,
    "nome": "EM HELENA AGUIAR DE MEDEIROS",
    "tipo": "ESCOLA MUNICIPAL",
    "distrito": 1,
    "bairro": "Vila Centenário",
    "endereco": "Rua Coronel Alberto de Mello, s/nº - Centenário",
    "endereco_completo": "Rua Coronel Alberto de Melo - Vila Centenário, Duque de Caxias",
    "cep": "25030-150",
    "telefone": "3774-3135",
    "cidade": "Duque de Caxias",
    "estado": "RJ",
    "ddd": "21",
    "codigo_ibge": "3301702",
    "viacep_consultado": true
  },
  {
    "id": "escola_1_39",
    "numero": 39,
    "nome": "EM HERMÍNIA CALDAS DA SILVA",
    "tipo": "ESCOLA MUNICIPAL",
    "distrito": 1,
    "bairro": "Vila Centenário",
    "endereco": "Rua Otávio Ascole, s/nº –  Centenário",
    "endereco_completo": "Rua Coronel Carlos de Matos - Vila Centenário, Duque de Caxias",
    "cep": "25030-140",
    "telefone": "3652-2650",
    "cidade": "Duque de Caxias",
    "estado": "RJ",
    "ddd": "21",
    "codigo_ibge": "3301702",
    "viacep_consultado": true
  },
  {
    "id": "escola_1_40",
    "numero": 40,
    "nome": "EM ITAMAR FRANCO",
    "tipo": "ESCOLA MUNICIPAL",
    "distrito": 1,
    "bairro": "Trevo sdas Missões",
    "endereco": "Rua Dezenove, s/nº - Trevo sdas Missões",
    "endereco_completo": null,
    "cep": "",
    "telefone": "",
    "cidade": null,
    "estado": null,
    "ddd": null,
    "codigo_ibge": null,
    "viacep_consultado": false
  },
  {
    "id": "escola_1_41",
    "numero": 41,
    "nome": "EM JARDIM GRAMACHO",
    "tipo": "ESCOLA MUNICIPAL",
    "distrito": 1,
    "bairro": "Jardim Gramacho",
    "endereco": "Rua Condeúba, s/nº - Jardim Gramacho",
    "endereco_completo": "Rua Condeuba - Jardim Gramacho, Duque de Caxias",
    "cep": "25055-030",
    "telefone": "2672-1180",
    "cidade": "Duque de Caxias",
    "estado": "RJ",
    "ddd": "21",
    "codigo_ibge": "3301702",
    "viacep_consultado": true
  },
  {
    "id": "escola_1_42",
    "numero": 42,
    "nome": "EM JOAQUIM DA SILVA PEÇANHA",
    "tipo": "ESCOLA MUNICIPAL",
    "distrito": 1,
    "bairro": "Parque Beira Mar",
    "endereco": "Rua Felisbelo Freire, s/nº - Pq. Beira Mar",
    "endereco_completo": "Rua Felisbelo Freire - Parque Beira Mar, Duque de Caxias",
    "cep": "25085-485",
    "telefone": "3658-0581",
    "cidade": "Duque de Caxias",
    "estado": "RJ",
    "ddd": "21",
    "codigo_ibge": "3301702",
    "viacep_consultado": true
  },
  {
    "id": "escola_1_43",
    "numero": 43,
    "nome": "EM JOSÉ MEDEIROS CABRAL",
    "tipo": "ESCOLA MUNICIPAL",
    "distrito": 1,
    "bairro": "Jardim Gramacho",
    "endereco": "Rua Ajaré, Lt 12 Qd 112 - Jardim Gramacho",
    "endereco_completo": "Rua Avaré - Jardim Gramacho, Duque de Caxias",
    "cep": "25056-310",
    "telefone": "2673-5460",
    "cidade": "Duque de Caxias",
    "estado": "RJ",
    "ddd": "21",
    "codigo_ibge": "3301702",
    "viacep_consultado": true
  },
  {
    "id": "escola_1_44",
    "numero": 44,
    "nome": "EM LAURENTINA CARDOSO DUARTE",
    "tipo": "ESCOLA MUNICIPAL",
    "distrito": 1,
    "bairro": "Parque Beira Mar",
    "endereco": "Rua Alberto de Oliveira, Lt 8  Qd 17 - Pq Beira Mar",
    "endereco_completo": "Rua Alberto de Oliveira - Parque Beira Mar, Duque de Caxias",
    "cep": "25085-262",
    "telefone": "2652-3309",
    "cidade": "Duque de Caxias",
    "estado": "RJ",
    "ddd": "21",
    "codigo_ibge": "3301702",
    "viacep_consultado": true
  },
  {
    "id": "escola_1_45",
    "numero": 45,
    "nome": "EM LIONS",
    "tipo": "ESCOLA MUNICIPAL",
    "distrito": 1,
    "bairro": "Vila São Luís",
    "endereco": "Av PresidenteTancredo Neves, 1067 - Vila São Luís",
    "endereco_completo": null,
    "cep": "25070-090",
    "telefone": "2673-3970",
    "cidade": null,
    "estado": null,
    "ddd": null,
    "codigo_ibge": null,
    "viacep_consultado": false
  },
  {
    "id": "escola_1_46",
    "numero": 46,
    "nome": "EM MARECHAL MALLET",
    "tipo": "ESCOLA MUNICIPAL",
    "distrito": 1,
    "bairro": "Vila Guanabara",
    "endereco": "Rua Carlos Esteves, s/nº - Vl São Luiz",
    "endereco_completo": "Rua Doutor Carlos Esteves - Vila Guanabara, Duque de Caxias",
    "cep": "25065-005",
    "telefone": "2782-3623",
    "cidade": "Duque de Caxias",
    "estado": "RJ",
    "ddd": "21",
    "codigo_ibge": "3301702",
    "viacep_consultado": true
  },
  {
    "id": "escola_1_47",
    "numero": 47,
    "nome": "EM MARIA JOSÉ DE OLIVEIRA",
    "tipo": "ESCOLA MUNICIPAL",
    "distrito": 1,
    "bairro": "Parque Lafaiete",
    "endereco": "Av Henrique Valadares, nº 16 - Pq. Lafaiete",
    "endereco_completo": "Avenida Henrique Valadares - Parque Lafaiete, Duque de Caxias",
    "cep": "25010-302",
    "telefone": "2782-6103",
    "cidade": "Duque de Caxias",
    "estado": "RJ",
    "ddd": "21",
    "codigo_ibge": "3301702",
    "viacep_consultado": true
  },
  {
    "id": "escola_1_48",
    "numero": 48,
    "nome": "EM MAURO DE CASTRO",
    "tipo": "ESCOLA MUNICIPAL",
    "distrito": 1,
    "bairro": "Jardim Gramacho",
    "endereco": "Rua Caramuru, nº 84 - Jardim Gramacho",
    "endereco_completo": "Rua Caramuru - Jardim Gramacho, Duque de Caxias",
    "cep": "25055-340",
    "telefone": "3659-0690",
    "cidade": "Duque de Caxias",
    "estado": "RJ",
    "ddd": "21",
    "codigo_ibge": "3301702",
    "viacep_consultado": true
  },
  {
    "id": "escola_1_xxx",
    "numero": "xxx",
    "nome": "ANEXO (E.M.Mauro de Castro)",
    "tipo": "ESCOLA MUNICIPAL",
    "distrito": 1,
    "bairro": "Jardim Granacho",
    "endereco": "Travessa Aracati s/nº- Ao lado do nº 100 Parque Proletário - Jardim Granacho",
    "endereco_completo": null,
    "cep": "",
    "telefone": "",
    "cidade": null,
    "estado": null,
    "ddd": null,
    "codigo_ibge": null,
    "viacep_consultado": false
  },
  {
    "id": "escola_1_49",
    "numero": 49,
    "nome": "EE MUNICIPALIZADA MANOEL JOAQUIM SALGUEIRO",
    "tipo": "ESCOLA MUNICIPAL",
    "distrito": 1,
    "bairro": "Jardim Vinte e Cinco de Agosto",
    "endereco": "Rua Tuiuti, 257 - 25 de Agosto",
    "endereco_completo": "Rua Tuiuti - Jardim Vinte e Cinco de Agosto, Duque de Caxias",
    "cep": "25070-390",
    "telefone": "3653-0682",
    "cidade": "Duque de Caxias",
    "estado": "RJ",
    "ddd": "21",
    "codigo_ibge": "3301702",
    "viacep_consultado": true
  },
  {
    "id": "escola_1_50",
    "numero": 50,
    "nome": "EE MUNICIPALIZADA OSWALDO CRUZ",
    "tipo": "ESCOLA MUNICIPAL",
    "distrito": 1,
    "bairro": "Jardim Gramacho",
    "endereco": "Estrada da Covanca, s/nº - Covanca",
    "endereco_completo": "Rua Caramuru - Jardim Gramacho, Duque de Caxias",
    "cep": "25055-340",
    "telefone": "2652-3835",
    "cidade": "Duque de Caxias",
    "estado": "RJ",
    "ddd": "21",
    "codigo_ibge": "3301702",
    "viacep_consultado": true
  },
  {
    "id": "escola_1_51",
    "numero": 51,
    "nome": "PRÉ - ESCOLA MUNICIPAL ALTO DA BOA VISTA",
    "tipo": "ESCOLA MUNICIPAL",
    "distrito": 1,
    "bairro": "Olavo Bilac",
    "endereco": "Rua Leveger, 193 - Olavo Bilac",
    "endereco_completo": "Rua Leverger - Olavo Bilac, Duque de Caxias",
    "cep": "25036-190",
    "telefone": "2782-4142",
    "cidade": "Duque de Caxias",
    "estado": "RJ",
    "ddd": "21",
    "codigo_ibge": "3301702",
    "viacep_consultado": true
  },
  {
    "id": "escola_1_52",
    "numero": 52,
    "nome": "PRÉ - ESCOLA MUNICIPAL LAURA MENEZES \nDE FREITAS LIMA",
    "tipo": "ESCOLA MUNICIPAL",
    "distrito": 1,
    "bairro": "Vila Sarapuí",
    "endereco": "R. Mariz e Barros, nº 205 - Jardim 25 de Agosto",
    "endereco_completo": "Rua Severino Santos - Vila Sarapuí, Duque de Caxias",
    "cep": "25050-050",
    "telefone": "2653-6465",
    "cidade": "Duque de Caxias",
    "estado": "RJ",
    "ddd": "21",
    "codigo_ibge": "3301702",
    "viacep_consultado": true
  },
  {
    "id": "escola_1_53",
    "numero": 53,
    "nome": "EM PROFª HILDA DO CARMO SIQUEIRA",
    "tipo": "ESCOLA MUNICIPAL",
    "distrito": 1,
    "bairro": "Parque Lafaiete",
    "endereco": "Rua Campos, nº 55 - Bar dos Cavaleiros",
    "endereco_completo": "Rua Campos - Parque Lafaiete, Duque de Caxias",
    "cep": "25015-420",
    "telefone": "2674-1649",
    "cidade": "Duque de Caxias",
    "estado": "RJ",
    "ddd": "21",
    "codigo_ibge": "3301702",
    "viacep_consultado": true
  },
  {
    "id": "escola_1_54",
    "numero": 54,
    "nome": "EM PROF JAIR ALVES DE FREITAS",
    "tipo": "ESCOLA MUNICIPAL",
    "distrito": 1,
    "bairro": "Parque Lafaiete",
    "endereco": "Rua Rocha Pita, s/nº - Prainha",
    "endereco_completo": "Rua Rocha Pita - Parque Lafaiete, Duque de Caxias",
    "cep": "25015-655",
    "telefone": "3657-6827",
    "cidade": "Duque de Caxias",
    "estado": "RJ",
    "ddd": "21",
    "codigo_ibge": "3301702",
    "viacep_consultado": true
  },
  {
    "id": "escola_1_55",
    "numero": 55,
    "nome": "EM PROF JOSÉ DE SOUZA HERDY",
    "tipo": "ESCOLA MUNICIPAL",
    "distrito": 1,
    "bairro": "Parque Boa Vista II",
    "endereco": "Rua Pereira Passos, nº 1000 - Parque Beira Mar",
    "endereco_completo": "Travessa Pereira Passos - Parque Boa Vista II, Duque de Caxias",
    "cep": "25085-300",
    "telefone": "3774-3558",
    "cidade": "Duque de Caxias",
    "estado": "RJ",
    "ddd": "21",
    "codigo_ibge": "3301702",
    "viacep_consultado": true
  },
  {
    "id": "escola_1_56",
    "numero": 56,
    "nome": "EM PROF MOTTA SOBRINHO",
    "tipo": "ESCOLA MUNICIPAL",
    "distrito": 1,
    "bairro": "Parque Paulicéia",
    "endereco": "Rua Paraná, nº 739 - Paulicéia",
    "endereco_completo": "Rua Paraná - Parque Paulicéia, Duque de Caxias",
    "cep": "25071-000",
    "telefone": "2652-5768",
    "cidade": "Duque de Caxias",
    "estado": "RJ",
    "ddd": "21",
    "codigo_ibge": "3301702",
    "viacep_consultado": true
  },
  {
    "id": "escola_1_57",
    "numero": 57,
    "nome": "EM PROFª OLGA TEIXEIRA DE OLIVEIRA",
    "tipo": "ESCOLA MUNICIPAL",
    "distrito": 1,
    "bairro": "Engenho do Porto",
    "endereco": "Rua Maria Luiza Reis, 155 - Engenho do Porto",
    "endereco_completo": "Rua Maria Luísa Reis - Engenho do Porto, Duque de Caxias",
    "cep": "25015-045",
    "telefone": "2771-1565  - | 2782-7016",
    "cidade": "Duque de Caxias",
    "estado": "RJ",
    "ddd": "21",
    "codigo_ibge": "3301702",
    "viacep_consultado": true
  },
  {
    "id": "escola_1_58",
    "numero": 58,
    "nome": "EM PROF ONERES NUNES OLIVEIRA",
    "tipo": "ESCOLA MUNICIPAL",
    "distrito": 1,
    "bairro": "Parque Felicidade",
    "endereco": "Rua Barbosa Araújo, nº 265 - Parque Felicidade",
    "endereco_completo": "Rua Leopoldina Bezerra dos Santos - Parque Felicidade, Duque de Caxias",
    "cep": "25080-140",
    "telefone": "2671-7326",
    "cidade": "Duque de Caxias",
    "estado": "RJ",
    "ddd": "21",
    "codigo_ibge": "3301702",
    "viacep_consultado": true
  },
  {
    "id": "escola_1_59",
    "numero": 59,
    "nome": "EM PROF ROMEU MENEZES DOS SANTOS",
    "tipo": "ESCOLA MUNICIPAL",
    "distrito": 1,
    "bairro": "Centro",
    "endereco": "Rua José Luiz Rodrigues Calazans, nº 355 -  Laguna e Dourados",
    "endereco_completo": "Rua José Luís Rodrigues Calazans - Centro, Duque de Caxias",
    "cep": "25011-320",
    "telefone": "2771-5893",
    "cidade": "Duque de Caxias",
    "estado": "RJ",
    "ddd": "21",
    "codigo_ibge": "3301702",
    "viacep_consultado": true
  },
  {
    "id": "escola_1_60",
    "numero": 60,
    "nome": "EM PROFª ZILLA JUNGER DA SILVA",
    "tipo": "ESCOLA MUNICIPAL",
    "distrito": 1,
    "bairro": "Parque Centenário",
    "endereco": "Av Winston Churchill, 434 - Senhor do Bonfim",
    "endereco_completo": "Avenida Winston Churchill - Parque Centenário, Duque de Caxias",
    "cep": "25025-237",
    "telefone": "2673-5100",
    "cidade": "Duque de Caxias",
    "estado": "RJ",
    "ddd": "21",
    "codigo_ibge": "3301702",
    "viacep_consultado": true
  },
  {
    "id": "escola_1_61",
    "numero": 61,
    "nome": "EM RUY BARBOSA",
    "tipo": "ESCOLA MUNICIPAL",
    "distrito": 1,
    "bairro": "Pilar",
    "endereco": "Av Rio Branco, 20 - Gramacho",
    "endereco_completo": "Rua Bela - Pilar, Duque de Caxias",
    "cep": "25235-245",
    "telefone": "3653-5034",
    "cidade": "Duque de Caxias",
    "estado": "RJ",
    "ddd": "21",
    "codigo_ibge": "3301702",
    "viacep_consultado": true
  },
  {
    "id": "escola_1_62",
    "numero": 62,
    "nome": "EM SANTA TEREZINHA",
    "tipo": "ESCOLA MUNICIPAL",
    "distrito": 1,
    "bairro": "Parque Lafaiete",
    "endereco": "R. David de Oliveira, s/nº - Pq. Lafaiete",
    "endereco_completo": "Rua Davi de Oliveira - Parque Lafaiete, Duque de Caxias",
    "cep": "25025-210",
    "telefone": "2782-7015",
    "cidade": "Duque de Caxias",
    "estado": "RJ",
    "ddd": "21",
    "codigo_ibge": "3301702",
    "viacep_consultado": true
  },
  {
    "id": "escola_1_63",
    "numero": 63,
    "nome": "EM SENOR ABRAVANEL SILVIO SANTOS",
    "tipo": "ESCOLA MUNICIPAL",
    "distrito": 1,
    "bairro": "Jardim Leal",
    "endereco": "R. Jotão 78 - Jardim Leal",
    "endereco_completo": null,
    "cep": "",
    "telefone": "",
    "cidade": null,
    "estado": null,
    "ddd": null,
    "codigo_ibge": null,
    "viacep_consultado": false
  },
  {
    "id": "escola_1_64",
    "numero": 64,
    "nome": "EM SERGIPE",
    "tipo": "ESCOLA MUNICIPAL",
    "distrito": 1,
    "bairro": "Vila São Luís",
    "endereco": "Rua Laurindo Rabelo, s/nº - Dr. Laureano",
    "endereco_completo": "Rua Doutor Laureano - Vila São Luís, Duque de Caxias",
    "cep": "25060-220",
    "telefone": "",
    "cidade": "Duque de Caxias",
    "estado": "RJ",
    "ddd": "21",
    "codigo_ibge": "3301702",
    "viacep_consultado": true
  },
  {
    "id": "escola_1_65",
    "numero": 65,
    "nome": "EM TODOS OS SANTOS",
    "tipo": "ESCOLA MUNICIPAL",
    "distrito": 1,
    "bairro": "",
    "endereco": "Rua Exp. Aquino de Araújo, s/nº   Engenho do Porto",
    "endereco_completo": null,
    "cep": "",
    "telefone": "3657-2352",
    "cidade": null,
    "estado": null,
    "ddd": null,
    "codigo_ibge": null,
    "viacep_consultado": false
  },
  {
    "id": "escola_1_66",
    "numero": 66,
    "nome": "EM VILA OPERÁRIA",
    "tipo": "ESCOLA MUNICIPAL",
    "distrito": 1,
    "bairro": "Parque Felicidade",
    "endereco": "Rua Badjer da Silveira, 09  - Vila Operária",
    "endereco_completo": "Rua Badger da Silveira - Parque Felicidade, Duque de Caxias",
    "cep": "25080-520",
    "telefone": "3657-1563",
    "cidade": "Duque de Caxias",
    "estado": "RJ",
    "ddd": "21",
    "codigo_ibge": "3301702",
    "viacep_consultado": true
  },
  {
    "id": "escola_1_67",
    "numero": 67,
    "nome": "EM VINTE E UM DE ABRIL",
    "tipo": "ESCOLA MUNICIPAL",
    "distrito": 1,
    "bairro": "Vila São Luiz",
    "endereco": "Rua. 21 de Abril,  250 - Vila São Luiz",
    "endereco_completo": null,
    "cep": "25065-150",
    "telefone": "2653-7205",
    "cidade": null,
    "estado": null,
    "ddd": null,
    "codigo_ibge": null,
    "viacep_consultado": false
  },
  {
    "id": "escola_1_68",
    "numero": 68,
    "nome": "EM VISCONDE DE ITABORAÍ",
    "tipo": "ESCOLA MUNICIPAL",
    "distrito": 1,
    "bairro": "Parque Lafaiete",
    "endereco": "Av Nilo Peçanha, 2279  - Bar dos Cavaleiros",
    "endereco_completo": "Avenida Nilo Peçanha - Parque Lafaiete, Duque de Caxias",
    "cep": "25015-001",
    "telefone": "2653-4143 - 2671-6383",
    "cidade": "Duque de Caxias",
    "estado": "RJ",
    "ddd": "21",
    "codigo_ibge": "3301702",
    "viacep_consultado": true
  },
  {
    "id": "escola_1_69",
    "numero": 69,
    "nome": "EM WILSON DE OLIVEIRA SIMÕES",
    "tipo": "ESCOLA MUNICIPAL",
    "distrito": 1,
    "bairro": "Vila Leopoldina",
    "endereco": "Rua Pref Braulino Matos Reis, 1410 - Copacabana",
    "endereco_completo": "Avenida Prefeito Braulino de Matos Reis - Vila Leopoldina, Duque de Caxias",
    "cep": "25060-445",
    "telefone": "2672-3450",
    "cidade": "Duque de Caxias",
    "estado": "RJ",
    "ddd": "21",
    "codigo_ibge": "3301702",
    "viacep_consultado": true
  },
  {
    "id": "escola_1_xxx",
    "numero": "xxx",
    "nome": "CEPEMHED",
    "tipo": "ESCOLA MUNICIPAL",
    "distrito": 1,
    "bairro": "Jardim 25 de Agosto",
    "endereco": "Rua General Mitre, 587- Jardim 25 de Agosto",
    "endereco_completo": null,
    "cep": "",
    "telefone": "",
    "cidade": null,
    "estado": null,
    "ddd": null,
    "codigo_ibge": null,
    "viacep_consultado": false
  },
  {
    "id": "escola_2_1",
    "numero": 1,
    "nome": "CCAIC - PARQUE MUÍSA",
    "tipo": "CCAIC",
    "distrito": 2,
    "bairro": "Chácaras Rio-Petrópolis",
    "endereco": "Av Presidente Kennedy, s/n.º - São Bento (FEUDUC)",
    "endereco_completo": "Avenida Mascarenhas de Morais - Chácaras Rio-Petrópolis, Duque de Caxias",
    "cep": "25230-030",
    "telefone": "2699-3184",
    "cidade": "Duque de Caxias",
    "estado": "RJ",
    "ddd": "21",
    "codigo_ibge": "3301702",
    "viacep_consultado": true
  },
  {
    "id": "escola_2_2",
    "numero": 2,
    "nome": "CRECHE E PRÉ-ESCOLA MUNICIPAL \nALBERT SABIN",
    "tipo": "CRECHE",
    "distrito": 2,
    "bairro": "Cangulo",
    "endereco": "Rua Almirante Custódio de Melo, Lt 01 - Cangulo",
    "endereco_completo": null,
    "cep": "",
    "telefone": "2777-1979",
    "cidade": null,
    "estado": null,
    "ddd": null,
    "codigo_ibge": null,
    "viacep_consultado": false
  },
  {
    "id": "escola_2_3",
    "numero": 3,
    "nome": "CRECHE  E PRÉ -ESCOLA MUNICIPAL AYRTON SENNA",
    "tipo": "CRECHE",
    "distrito": 2,
    "bairro": "Jardim Primavera",
    "endereco": "Rua C, Qd B, nº 16 - Jardim Primavera",
    "endereco_completo": "Rua C - Jardim Primavera, Duque de Caxias",
    "cep": "25213-183",
    "telefone": "3655-1408",
    "cidade": "Duque de Caxias",
    "estado": "RJ",
    "ddd": "21",
    "codigo_ibge": "3301702",
    "viacep_consultado": true
  },
  {
    "id": "escola_2_4",
    "numero": 4,
    "nome": "CRECHE E PRÉ-ESCOLA MUNICIPAL \nJOSÉ ATAÍDE DA SILVA",
    "tipo": "CRECHE",
    "distrito": 2,
    "bairro": "Petropólis",
    "endereco": "Avenida Pitágoras - Chácara Rio - Petropólis",
    "endereco_completo": null,
    "cep": "",
    "telefone": "3654-2064",
    "cidade": null,
    "estado": null,
    "ddd": null,
    "codigo_ibge": null,
    "viacep_consultado": false
  },
  {
    "id": "escola_2_5",
    "numero": 5,
    "nome": "CRECHE e PRE-ESCOLA MUNICIPAL \nPROFª MARIA LÚCIA ANDRADE RIBEIRO",
    "tipo": "CRECHE",
    "distrito": 2,
    "bairro": "Chácaras Rio-Petrópolis",
    "endereco": "Rua Tereza Cristina, s/nº - Figueira",
    "endereco_completo": "Avenida Dona Tereza Cristina - Chácaras Rio-Petrópolis, Duque de Caxias",
    "cep": "25230-480",
    "telefone": "3656-4581",
    "cidade": "Duque de Caxias",
    "estado": "RJ",
    "ddd": "21",
    "codigo_ibge": "3301702",
    "viacep_consultado": true
  },
  {
    "id": "escola_2_6",
    "numero": 6,
    "nome": "CRECHE MUNICIPAL PROFª JESUÍNA \nFÁTIMA DE ANDRADE",
    "tipo": "CRECHE",
    "distrito": 2,
    "bairro": "Pilar",
    "endereco": "Rua São José Lopes, Lotes 1,2 e 6 Quadra F - Pilar",
    "endereco_completo": "Rua Ester Quintela de Jesus - Pilar, Duque de Caxias",
    "cep": "25235-010",
    "telefone": "3654-3878",
    "cidade": "Duque de Caxias",
    "estado": "RJ",
    "ddd": "21",
    "codigo_ibge": "3301702",
    "viacep_consultado": true
  },
  {
    "id": "escola_2_xxx",
    "numero": "xxx",
    "nome": "ANEXO (Creche): IGREJA METODISTA DO PILAR",
    "tipo": "ESCOLA MUNICIPAL",
    "distrito": 2,
    "bairro": "Pilar",
    "endereco": "Rua Senhor dos Passos, 03 - Pilar",
    "endereco_completo": "Rua Senhor dos Passos - Pilar, Duque de Caxias",
    "cep": "25233-223",
    "telefone": "",
    "cidade": "Duque de Caxias",
    "estado": "RJ",
    "ddd": "21",
    "codigo_ibge": "3301702",
    "viacep_consultado": true
  },
  {
    "id": "escola_2_7",
    "numero": 7,
    "nome": "CRECHE E PRÉ- ESCOLA MUNICIPAL PROFª ROSA \nANGÉLICA FONSECA DE OLIVEIRA",
    "tipo": "CRECHE",
    "distrito": 2,
    "bairro": "Chácaras Rio-Petrópolis",
    "endereco": "Rua da Fortuna, nº 73 - Pilar",
    "endereco_completo": "Avenida Feliciano Castilho - Chácaras Rio-Petrópolis, Duque de Caxias",
    "cep": "25231-250",
    "telefone": "2773-0918",
    "cidade": "Duque de Caxias",
    "estado": "RJ",
    "ddd": "21",
    "codigo_ibge": "3301702",
    "viacep_consultado": true
  },
  {
    "id": "escola_2_8",
    "numero": 8,
    "nome": "CRECHE E PRÉ - ESCOLA MUNICIPAL VEREADOR JOSÉ CARLOS \nTEODORO",
    "tipo": "CRECHE",
    "distrito": 2,
    "bairro": "Saracuruna",
    "endereco": "Av Presidente Roosevelt, s/nº - Pq Independência - Saracuruna",
    "endereco_completo": null,
    "cep": "25212-290",
    "telefone": "2678-5472",
    "cidade": null,
    "estado": null,
    "ddd": null,
    "codigo_ibge": null,
    "viacep_consultado": false
  },
  {
    "id": "escola_2_9",
    "numero": 9,
    "nome": "CRECHE E PRÉ-ESCOLA MUNICIPAL JORNALISTA SUSANA NASPOLINI",
    "tipo": "CRECHE",
    "distrito": 2,
    "bairro": "Campos Elíseos",
    "endereco": "Avenida Actura esquina com a rua Quintal - Campos Elisíos",
    "endereco_completo": "Avenida Tupinambá de Castro - Campos Elíseos, Duque de Caxias",
    "cep": "25225-216",
    "telefone": "",
    "cidade": "Duque de Caxias",
    "estado": "RJ",
    "ddd": "21",
    "codigo_ibge": "3301702",
    "viacep_consultado": true
  },
  {
    "id": "escola_2_10",
    "numero": 10,
    "nome": "CRECHE MUNICIPAL FABIO TENÓRIO CAVALCANTI",
    "tipo": "CRECHE",
    "distrito": 2,
    "bairro": "Vila São José",
    "endereco": "Avenida Gomes Freire - Vila São José",
    "endereco_completo": null,
    "cep": "",
    "telefone": "",
    "cidade": null,
    "estado": null,
    "ddd": null,
    "codigo_ibge": null,
    "viacep_consultado": false
  },
  {
    "id": "escola_2_11",
    "numero": 11,
    "nome": "CRECHE MUNICIPAL MARLUSE VICENTE DA SILVA",
    "tipo": "CRECHE",
    "distrito": 2,
    "bairro": "Parque Eldorado",
    "endereco": "Rua Pirangi nº 300, Lote 17, Quadra 42. Parque Eldorado  cep: 25240-490",
    "endereco_completo": "Rua Pirangi - Parque Eldorado, Duque de Caxias",
    "cep": "25240-490",
    "telefone": "",
    "cidade": "Duque de Caxias",
    "estado": "RJ",
    "ddd": "21",
    "codigo_ibge": "3301702",
    "viacep_consultado": true
  },
  {
    "id": "escola_2_12",
    "numero": 12,
    "nome": "CRECHE MUNICIPAL ZELINA PENIDO DA ROSA",
    "tipo": "CRECHE",
    "distrito": 2,
    "bairro": "Jardim Primavera",
    "endereco": "Rua Profº. Hélio Rangel s/nº - Jardim Primavera",
    "endereco_completo": null,
    "cep": "",
    "telefone": "",
    "cidade": null,
    "estado": null,
    "ddd": null,
    "codigo_ibge": null,
    "viacep_consultado": false
  },
  {
    "id": "escola_2_13",
    "numero": 13,
    "nome": "CIEP BRIZOLÃO MUNICIPALIZADO 120 - MONTEIRO LOBATO",
    "tipo": "CIEP",
    "distrito": 2,
    "bairro": "Santo Antônio",
    "endereco": "Rod. Washington Luiz, km 18,5 - São Judas Tadeu",
    "endereco_completo": "Rua Cachoeira - Santo Antônio, Duque de Caxias",
    "cep": "25253-590",
    "telefone": "3656-9030",
    "cidade": "Duque de Caxias",
    "estado": "RJ",
    "ddd": "21",
    "codigo_ibge": "3301702",
    "viacep_consultado": true
  },
  {
    "id": "escola_2_14",
    "numero": 14,
    "nome": "CIEP BRIZOLÃO MUNICIPALIZADO 220 - YOLANDA BORGES",
    "tipo": "CIEP",
    "distrito": 2,
    "bairro": "Chácaras Rio-Petrópolis",
    "endereco": "Av.Feliciano de Castilho, s/nº - Chácara Rio- Petrópolis CEP : 25231-250 Tel.3654-2111",
    "endereco_completo": "Avenida Feliciano Castilho - Chácaras Rio-Petrópolis, Duque de Caxias",
    "cep": "25231-250",
    "telefone": "",
    "cidade": "Duque de Caxias",
    "estado": "RJ",
    "ddd": "21",
    "codigo_ibge": "3301702",
    "viacep_consultado": true
  },
  {
    "id": "escola_2_15",
    "numero": 15,
    "nome": "CIEP BRIZOLÃO MUNICIPALIZADO 318 - PAULO MENDES CAMPOS",
    "tipo": "CIEP",
    "distrito": 2,
    "bairro": "Parque Uruguaiana",
    "endereco": "Av Presidente Rosenvelt, s/nº - Saracuruna",
    "endereco_completo": "Rua Uruguaiana - Parque Uruguaiana, Duque de Caxias",
    "cep": "25212-970",
    "telefone": "2773-3773",
    "cidade": "Duque de Caxias",
    "estado": "RJ",
    "ddd": "21",
    "codigo_ibge": "3301702",
    "viacep_consultado": true
  },
  {
    "id": "escola_2_16",
    "numero": 16,
    "nome": "CIEP BRIZOLÃO MUNICIPALIZADO 328 - MARIE CURIE",
    "tipo": "CIEP",
    "distrito": 2,
    "bairro": "Jardim Balneário Ana Clara",
    "endereco": "Rua Sergipe, s/nº - Chácara Arcampo - Vila Mª Helena",
    "endereco_completo": "Rua Sergipe - Jardim Balneário Ana Clara, Duque de Caxias",
    "cep": "25221-030",
    "telefone": "2778-5889",
    "cidade": "Duque de Caxias",
    "estado": "RJ",
    "ddd": "21",
    "codigo_ibge": "3301702",
    "viacep_consultado": true
  },
  {
    "id": "escola_2_17",
    "numero": 17,
    "nome": "EE MUNICIPALIZADA ALBERTO SANTOS DUMONT",
    "tipo": "ESCOLA MUNICIPAL",
    "distrito": 2,
    "bairro": "Saracuruna",
    "endereco": "Rua Petrolina, s/nº - Vila Urussaí",
    "endereco_completo": "Rua Petrolina - Saracuruna, Duque de Caxias",
    "cep": "25211-010",
    "telefone": "2778-0882",
    "cidade": "Duque de Caxias",
    "estado": "RJ",
    "ddd": "21",
    "codigo_ibge": "3301702",
    "viacep_consultado": true
  },
  {
    "id": "escola_2_18",
    "numero": 18,
    "nome": "EM ANTON DWORSAK",
    "tipo": "ESCOLA MUNICIPAL",
    "distrito": 2,
    "bairro": "Jardim Primavera",
    "endereco": "Rua Geraldo Rocha, s/nº  - Jardim Primavera",
    "endereco_completo": null,
    "cep": "25213-340",
    "telefone": "3654-6741",
    "cidade": null,
    "estado": null,
    "ddd": null,
    "codigo_ibge": null,
    "viacep_consultado": false
  },
  {
    "id": "escola_2_19",
    "numero": 19,
    "nome": "EE MUNICIPALIZADA BAIRRO CALIFÓRNIA",
    "tipo": "ESCOLA MUNICIPAL",
    "distrito": 2,
    "bairro": "Pilar",
    "endereco": "Rua Telcarin, s/nº - Pilar",
    "endereco_completo": "Rua Tel-Carim - Pilar, Duque de Caxias",
    "cep": "25233-260",
    "telefone": "2676-5774",
    "cidade": "Duque de Caxias",
    "estado": "RJ",
    "ddd": "21",
    "codigo_ibge": "3301702",
    "viacep_consultado": true
  },
  {
    "id": "escola_2_xxx",
    "numero": "xxx",
    "nome": "ANEXO (Escola): CIEP 404 CLARICE LISPECTOR",
    "tipo": "CIEP",
    "distrito": 2,
    "bairro": "Silva Cardoso",
    "endereco": "Rua Leontina Meziot s/nº - Pilar Cep: 25233-090",
    "endereco_completo": "Rua Leontina Meziot - Silva Cardoso, Duque de Caxias",
    "cep": "25233-090",
    "telefone": "",
    "cidade": "Duque de Caxias",
    "estado": "RJ",
    "ddd": "21",
    "codigo_ibge": "3301702",
    "viacep_consultado": true
  },
  {
    "id": "escola_2_20",
    "numero": 20,
    "nome": "EM BOM RETIRO",
    "tipo": "ESCOLA MUNICIPAL",
    "distrito": 2,
    "bairro": "Jardim Primavera",
    "endereco": "Praça Felipe de Oliveira, s/nº - Pq. Bom Retiro",
    "endereco_completo": "Praça Felipe de Oliveira - Jardim Primavera, Duque de Caxias",
    "cep": "25223-770",
    "telefone": "",
    "cidade": "Duque de Caxias",
    "estado": "RJ",
    "ddd": "21",
    "codigo_ibge": "3301702",
    "viacep_consultado": true
  },
  {
    "id": "escola_2_21",
    "numero": 21,
    "nome": "EM CAMPOS ELÍSEOS",
    "tipo": "ESCOLA MUNICIPAL",
    "distrito": 2,
    "bairro": "Parque Marilandia",
    "endereco": "Av. Tiradentes, s/nº, Vila Actura -  Campos Elíseos",
    "endereco_completo": "Rua Baleares - Parque Marilandia, Duque de Caxias",
    "cep": "25225-000",
    "telefone": "2773-7267",
    "cidade": "Duque de Caxias",
    "estado": "RJ",
    "ddd": "21",
    "codigo_ibge": "3301702",
    "viacep_consultado": true
  },
  {
    "id": "escola_2_22",
    "numero": 22,
    "nome": "EM CORONEL ELISEU",
    "tipo": "ESCOLA MUNICIPAL",
    "distrito": 2,
    "bairro": "Parque Fluminense",
    "endereco": "Rua Antonio Gonçalves Martins, Lt 18 Qd 07 - Parque Comercial",
    "endereco_completo": "Rua Sion - Parque Fluminense, Duque de Caxias",
    "cep": "25041-270",
    "telefone": "2759-4890",
    "cidade": "Duque de Caxias",
    "estado": "RJ",
    "ddd": "21",
    "codigo_ibge": "3301702",
    "viacep_consultado": true
  },
  {
    "id": "escola_2_23",
    "numero": 23,
    "nome": "EM CIDADE DOS MENINOS",
    "tipo": "ESCOLA MUNICIPAL",
    "distrito": 2,
    "bairro": "Santo Antônio",
    "endereco": "Rua São Luiz, 21 - Pilar",
    "endereco_completo": "Rua São Luís - Santo Antônio, Duque de Caxias",
    "cep": "25235-150",
    "telefone": "2777-4155",
    "cidade": "Duque de Caxias",
    "estado": "RJ",
    "ddd": "21",
    "codigo_ibge": "3301702",
    "viacep_consultado": true
  },
  {
    "id": "escola_2_24",
    "numero": 24,
    "nome": "EM DR.MANOEL REIS",
    "tipo": "ESCOLA MUNICIPAL",
    "distrito": 2,
    "bairro": "Parque Marilandia",
    "endereco": "Rua das Tamarindas, s/nº - Campos Elíseos",
    "endereco_completo": "Rua Baleares - Parque Marilandia, Duque de Caxias",
    "cep": "25225-000",
    "telefone": "2778-4509",
    "cidade": "Duque de Caxias",
    "estado": "RJ",
    "ddd": "21",
    "codigo_ibge": "3301702",
    "viacep_consultado": true
  },
  {
    "id": "escola_2_25",
    "numero": 25,
    "nome": "EM EULINA PINTO DE BARROS",
    "tipo": "ESCOLA MUNICIPAL",
    "distrito": 2,
    "bairro": "Nossa Senhora do Carmo",
    "endereco": "Estrada do Calundú, s/nº - Parque N.Sra. do Carmo",
    "endereco_completo": "Estrada Calundu - Nossa Senhora do Carmo, Duque de Caxias",
    "cep": "25040-610",
    "telefone": "2781-3461",
    "cidade": "Duque de Caxias",
    "estado": "RJ",
    "ddd": "21",
    "codigo_ibge": "3301702",
    "viacep_consultado": true
  },
  {
    "id": "escola_2_26",
    "numero": 26,
    "nome": "EM FRANCISCO OSWALDO NEVES DORNELLES",
    "tipo": "ESCOLA MUNICIPAL",
    "distrito": 2,
    "bairro": "Loteamento Jardim São Paulo/Bom Retiro",
    "endereco": "Rua Maturim, s/nº -Loteamento Jardim São Paulo/Bom Retiro",
    "endereco_completo": null,
    "cep": "",
    "telefone": "",
    "cidade": null,
    "estado": null,
    "ddd": null,
    "codigo_ibge": null,
    "viacep_consultado": false
  },
  {
    "id": "escola_2_27",
    "numero": 27,
    "nome": "EM GOVERNADOR MÁRIO COVAS JÚNIOR",
    "tipo": "ESCOLA MUNICIPAL",
    "distrito": 2,
    "bairro": "Jardim Balneário Ana Clara",
    "endereco": "Av Rio de Janeiro, s/nº  - Cangulo (Saracuruna)",
    "endereco_completo": "Avenida Rio de Janeiro - Jardim Balneário Ana Clara, Duque de Caxias",
    "cep": "25221-060",
    "telefone": "27785566",
    "cidade": "Duque de Caxias",
    "estado": "RJ",
    "ddd": "21",
    "codigo_ibge": "3301702",
    "viacep_consultado": true
  },
  {
    "id": "escola_2_28",
    "numero": 28,
    "nome": "EM IMACULADA CONCEIÇÃO",
    "tipo": "ESCOLA MUNICIPAL",
    "distrito": 2,
    "bairro": "Chácaras Rio-Petrópolis",
    "endereco": "Alameda Paula Liliane, s/nº - Figueira",
    "endereco_completo": "Alameda Paissandu - Chácaras Rio-Petrópolis, Duque de Caxias",
    "cep": "25230-570",
    "telefone": "2776-4234",
    "cidade": "Duque de Caxias",
    "estado": "RJ",
    "ddd": "21",
    "codigo_ibge": "3301702",
    "viacep_consultado": true
  },
  {
    "id": "escola_2_29",
    "numero": 29,
    "nome": "EM JAYME FICHMAN",
    "tipo": "ESCOLA MUNICIPAL",
    "distrito": 2,
    "bairro": "Parque Uruguaiana",
    "endereco": "Av Uruguaiana, s/nº - Saracuruna",
    "endereco_completo": "Rua Uruguaiana - Parque Uruguaiana, Duque de Caxias",
    "cep": "25212-440",
    "telefone": "2678-3589",
    "cidade": "Duque de Caxias",
    "estado": "RJ",
    "ddd": "21",
    "codigo_ibge": "3301702",
    "viacep_consultado": true
  },
  {
    "id": "escola_2_30",
    "numero": 30,
    "nome": "EM JORNALISTA MOACYR PADILHA",
    "tipo": "ESCOLA MUNICIPAL",
    "distrito": 2,
    "bairro": "Chácaras Arcampo",
    "endereco": "Rua Nadir, s/nº - Vila Maria Helena",
    "endereco_completo": "Rua Nadir - Chácaras Arcampo, Duque de Caxias",
    "cep": "25251-560",
    "telefone": "3654-5330",
    "cidade": "Duque de Caxias",
    "estado": "RJ",
    "ddd": "21",
    "codigo_ibge": "3301702",
    "viacep_consultado": true
  },
  {
    "id": "escola_2_31",
    "numero": 31,
    "nome": "EM JOSÉ CAMILO DOS SANTOS",
    "tipo": "ESCOLA MUNICIPAL",
    "distrito": 2,
    "bairro": "São Bento",
    "endereco": "Av Presidente Kennedy, s/n.º - Vila Rosário",
    "endereco_completo": "Rua José Pinto - São Bento, Duque de Caxias",
    "cep": "25045-030",
    "telefone": "",
    "cidade": "Duque de Caxias",
    "estado": "RJ",
    "ddd": "21",
    "codigo_ibge": "3301702",
    "viacep_consultado": true
  },
  {
    "id": "escola_2_32",
    "numero": 32,
    "nome": "EM MARCÍLIO DIAS",
    "tipo": "ESCOLA MUNICIPAL",
    "distrito": 2,
    "bairro": "Parque Independência",
    "endereco": "Rua C, s/nº - Parque Independência - Saracuruna",
    "endereco_completo": "Rua C - Parque Independência, Duque de Caxias",
    "cep": "25211-300",
    "telefone": "3676-0995",
    "cidade": "Duque de Caxias",
    "estado": "RJ",
    "ddd": "21",
    "codigo_ibge": "3301702",
    "viacep_consultado": true
  },
  {
    "id": "escola_2_33",
    "numero": 33,
    "nome": "EE MUNICIPALIZADA MARECHAL MASCARENHAS DE MORAES",
    "tipo": "ESCOLA MUNICIPAL",
    "distrito": 2,
    "bairro": "3358",
    "endereco": "Estrada Belmont, s/nº - Pq. Bom Retiro  TP: 2773-3358",
    "endereco_completo": null,
    "cep": "25333-540",
    "telefone": "",
    "cidade": null,
    "estado": null,
    "ddd": null,
    "codigo_ibge": null,
    "viacep_consultado": false
  },
  {
    "id": "escola_2_34",
    "numero": 34,
    "nome": "EM MARIA CLARA MACHADO",
    "tipo": "ESCOLA MUNICIPAL",
    "distrito": 2,
    "bairro": "Vila Santo Antônio",
    "endereco": "Av Gomes Freire, nº 420 - Pantanal",
    "endereco_completo": "Avenida Gomes Freire - Vila Santo Antônio, Duque de Caxias",
    "cep": "25040-160",
    "telefone": "2699-6413",
    "cidade": "Duque de Caxias",
    "estado": "RJ",
    "ddd": "21",
    "codigo_ibge": "3301702",
    "viacep_consultado": true
  },
  {
    "id": "escola_2_xxx",
    "numero": "xxx",
    "nome": "ANEXO (Escola): IGREJA CRISTÃ EVANGÉLICA RENOVADA MINISTÉRIO BOAS NOVAS",
    "tipo": "ESCOLA MUNICIPAL",
    "distrito": 2,
    "bairro": "Vila Santo Antônio",
    "endereco": "Rua Marechal Dantas Barreto Lt.01 Qd.47 - Pantanal CEP; 25040-560",
    "endereco_completo": "Rua Marechal Dantas Barreto - Vila Santo Antônio, Duque de Caxias",
    "cep": "25040-560",
    "telefone": "",
    "cidade": "Duque de Caxias",
    "estado": "RJ",
    "ddd": "21",
    "codigo_ibge": "3301702",
    "viacep_consultado": true
  },
  {
    "id": "escola_2_35",
    "numero": 35,
    "nome": "EM MARILÂNDIA",
    "tipo": "ESCOLA MUNICIPAL",
    "distrito": 2,
    "bairro": "Parque Marilandia",
    "endereco": "Rua Maranhão, nº 90 - Campos Elíseos",
    "endereco_completo": "Rua Maranhão - Parque Marilandia, Duque de Caxias",
    "cep": "25225-590",
    "telefone": "2778-4138",
    "cidade": "Duque de Caxias",
    "estado": "RJ",
    "ddd": "21",
    "codigo_ibge": "3301702",
    "viacep_consultado": true
  },
  {
    "id": "escola_2_36",
    "numero": 36,
    "nome": "EM MINAS GERAIS",
    "tipo": "ESCOLA MUNICIPAL",
    "distrito": 2,
    "bairro": "Parque Fluminense",
    "endereco": "Rua Knauber, s/nº - Pq Fluminense",
    "endereco_completo": "Rua Knalber - Parque Fluminense, Duque de Caxias",
    "cep": "25046-560",
    "telefone": "3135-3088",
    "cidade": "Duque de Caxias",
    "estado": "RJ",
    "ddd": "21",
    "codigo_ibge": "3301702",
    "viacep_consultado": true
  },
  {
    "id": "escola_2_37",
    "numero": 37,
    "nome": "EM MONTEIRO LOBATO",
    "tipo": "ESCOLA MUNICIPAL",
    "distrito": 2,
    "bairro": "Campos Elíseos",
    "endereco": "R. do Rosário, nº 118 - Campos Elíseos",
    "endereco_completo": null,
    "cep": "25255-660",
    "telefone": "2676-2878 - 2776-0312",
    "cidade": null,
    "estado": null,
    "ddd": null,
    "codigo_ibge": null,
    "viacep_consultado": false
  },
  {
    "id": "escola_2_38",
    "numero": 38,
    "nome": "EM NÍSIA VILELA FERNANDES",
    "tipo": "ESCOLA MUNICIPAL",
    "distrito": 2,
    "bairro": "São Bento",
    "endereco": "Av Presidente Kennedy, s/nº - São Bento",
    "endereco_completo": "Rua José Pinto - São Bento, Duque de Caxias",
    "cep": "25045-030",
    "telefone": "3659-1748",
    "cidade": "Duque de Caxias",
    "estado": "RJ",
    "ddd": "21",
    "codigo_ibge": "3301702",
    "viacep_consultado": true
  },
  {
    "id": "escola_2_xxx",
    "numero": "xxx",
    "nome": "ANEXO : CIEP 201 AARÃO STEINBRUCH",
    "tipo": "CIEP",
    "distrito": 2,
    "bairro": "Vila Centenário",
    "endereco": "Avenida Presidente Kennedy, 1511 - Centro.",
    "endereco_completo": "Avenida Governador Leonel de Moura Brizola - Vila Centenário, Duque de Caxias",
    "cep": "25030-001",
    "telefone": "",
    "cidade": "Duque de Caxias",
    "estado": "RJ",
    "ddd": "21",
    "codigo_ibge": "3301702",
    "viacep_consultado": true
  },
  {
    "id": "escola_2_39",
    "numero": 39,
    "nome": "EM NOSSA SENHORA APARECIDA",
    "tipo": "ESCOLA MUNICIPAL",
    "distrito": 2,
    "bairro": "São Judas Tadeu",
    "endereco": "R. São Paulo, s/nº - São Judas Tadeu",
    "endereco_completo": null,
    "cep": "25243-050",
    "telefone": "2676-1142",
    "cidade": null,
    "estado": null,
    "ddd": null,
    "codigo_ibge": null,
    "viacep_consultado": false
  },
  {
    "id": "escola_2_40",
    "numero": 40,
    "nome": "EM NOSSA SENHORA DO PILAR",
    "tipo": "ESCOLA MUNICIPAL",
    "distrito": 2,
    "bairro": "Chácaras Rio-Petrópolis",
    "endereco": "Av Nossa Senhora do Pilar, nº 300 - Pilar",
    "endereco_completo": "Estrada do Pilar - Chácaras Rio-Petrópolis, Duque de Caxias",
    "cep": "25230-270",
    "telefone": "2773-5872",
    "cidade": "Duque de Caxias",
    "estado": "RJ",
    "ddd": "21",
    "codigo_ibge": "3301702",
    "viacep_consultado": true
  },
  {
    "id": "escola_2_41",
    "numero": 41,
    "nome": "EM OLINDA BONTURI BOLSONARO",
    "tipo": "ESCOLA MUNICIPAL",
    "distrito": 2,
    "bairro": "Saracuruna",
    "endereco": "Av: General Nelson Mauro, 159  Parque Uruguaiana - Saracuruna",
    "endereco_completo": null,
    "cep": "",
    "telefone": "",
    "cidade": null,
    "estado": null,
    "ddd": null,
    "codigo_ibge": null,
    "viacep_consultado": false
  },
  {
    "id": "escola_2_42",
    "numero": 42,
    "nome": "EM PAULO ROBERTO DE MORAES \nLOUREIRO",
    "tipo": "ESCOLA MUNICIPAL",
    "distrito": 2,
    "bairro": "Chácaras Rio-Petrópolis",
    "endereco": "Av Presidente Kennedy, s/n.º - São Bento (FEUDUC)",
    "endereco_completo": "Avenida Mascarenhas de Morais - Chácaras Rio-Petrópolis, Duque de Caxias",
    "cep": "25230-030",
    "telefone": "3135-0924",
    "cidade": "Duque de Caxias",
    "estado": "RJ",
    "ddd": "21",
    "codigo_ibge": "3301702",
    "viacep_consultado": true
  },
  {
    "id": "escola_2_43",
    "numero": 43,
    "nome": "EM PEDRO RODRIGUES DO CARMO",
    "tipo": "ESCOLA MUNICIPAL",
    "distrito": 2,
    "bairro": "Saracuruna",
    "endereco": "Rua Dom Pedro I, s/n.º  - Cangulo - Saracuruna",
    "endereco_completo": "Rua Dom Pedro I - Saracuruna, Duque de Caxias",
    "cep": "25220-650",
    "telefone": "2677-0495",
    "cidade": "Duque de Caxias",
    "estado": "RJ",
    "ddd": "21",
    "codigo_ibge": "3301702",
    "viacep_consultado": true
  },
  {
    "id": "escola_2_44",
    "numero": 44,
    "nome": "PRÉ - ESCOLA MUNICIPAL PROFª MARIA ANGER DIAS GUARINO",
    "tipo": "ESCOLA MUNICIPAL",
    "distrito": 2,
    "bairro": "Fonseca",
    "endereco": "Rua Pedro Toledo, nº 09 - Campos Elíseos",
    "endereco_completo": "Rua Pedro Toledo - Fonseca, Duque de Caxias",
    "cep": "25225-430",
    "telefone": "2776-4859",
    "cidade": "Duque de Caxias",
    "estado": "RJ",
    "ddd": "21",
    "codigo_ibge": "3301702",
    "viacep_consultado": true
  },
  {
    "id": "escola_2_45",
    "numero": 45,
    "nome": "EM PRESIDENTE COSTA E SILVA",
    "tipo": "ESCOLA MUNICIPAL",
    "distrito": 2,
    "bairro": "Chácaras Rio-Petrópolis",
    "endereco": "Estr. São Lourenço, nº 112 - Capivari",
    "endereco_completo": "Estrada São Lourenço - Chácaras Rio-Petrópolis, Duque de Caxias",
    "cep": "25243-150",
    "telefone": "3656-3616",
    "cidade": "Duque de Caxias",
    "estado": "RJ",
    "ddd": "21",
    "codigo_ibge": "3301702",
    "viacep_consultado": true
  },
  {
    "id": "escola_2_46",
    "numero": 46,
    "nome": "EM PROF ALBERTO RIBEIRO VASCONCELLOS",
    "tipo": "ESCOLA MUNICIPAL",
    "distrito": 2,
    "bairro": "São Bento",
    "endereco": "Av Pres. Kennedy, nº 7778 - São Bento",
    "endereco_completo": null,
    "cep": "25040-000",
    "telefone": "3135-4856  - | 26994426",
    "cidade": null,
    "estado": null,
    "ddd": null,
    "codigo_ibge": null,
    "viacep_consultado": false
  },
  {
    "id": "escola_2_47",
    "numero": 47,
    "nome": "EM PROF JOÃO FAUSTINO DE FRANÇA SOBRINHO",
    "tipo": "ESCOLA MUNICIPAL",
    "distrito": 2,
    "bairro": "Vila Santa Cruz",
    "endereco": "Rua Rio de Janeiro, nº 113 - Santa Cruz da Serra",
    "endereco_completo": "Rua Gericinó - Vila Santa Cruz, Duque de Caxias",
    "cep": "25240-170",
    "telefone": "3656-8452",
    "cidade": "Duque de Caxias",
    "estado": "RJ",
    "ddd": "21",
    "codigo_ibge": "3301702",
    "viacep_consultado": true
  },
  {
    "id": "escola_2_48",
    "numero": 48,
    "nome": "EM PROF PAULO FREIRE",
    "tipo": "ESCOLA MUNICIPAL",
    "distrito": 2,
    "bairro": "Parque Fluminense",
    "endereco": "Rua José de Azevedo, nº 156 - Parque Fluminense",
    "endereco_completo": "Travessa Ana Maria - Parque Fluminense, Duque de Caxias",
    "cep": "25045-290",
    "telefone": "3134-0242",
    "cidade": "Duque de Caxias",
    "estado": "RJ",
    "ddd": "21",
    "codigo_ibge": "3301702",
    "viacep_consultado": true
  },
  {
    "id": "escola_2_49",
    "numero": 49,
    "nome": "EM PROF VILMAR BASTOS FURTADO",
    "tipo": "ESCOLA MUNICIPAL",
    "distrito": 2,
    "bairro": "Chácaras Rio-Petrópolis",
    "endereco": "Rua João Raimundo lts 15/16, Qd 76 - Parque Cpmercial",
    "endereco_completo": "Estrada Velha do Pilar - Chácaras Rio-Petrópolis, Duque de Caxias",
    "cep": "25230-610",
    "telefone": "2778-4654",
    "cidade": "Duque de Caxias",
    "estado": "RJ",
    "ddd": "21",
    "codigo_ibge": "3301702",
    "viacep_consultado": true
  },
  {
    "id": "escola_2_50",
    "numero": 50,
    "nome": "EM PROF WALTER RUSSO DE SOUZA",
    "tipo": "ESCOLA MUNICIPAL",
    "distrito": 2,
    "bairro": "Chácaras Rio-Petrópolis",
    "endereco": "Estrada Velha do Pilar, nº 50 - Figueira",
    "endereco_completo": "Estrada Velha do Pilar - Chácaras Rio-Petrópolis, Duque de Caxias",
    "cep": "25230-610",
    "telefone": "2778-4654",
    "cidade": "Duque de Caxias",
    "estado": "RJ",
    "ddd": "21",
    "codigo_ibge": "3301702",
    "viacep_consultado": true
  },
  {
    "id": "escola_2_51",
    "numero": 51,
    "nome": "EM PROFª AMÉLIA CÂMARA DOS SANTOS",
    "tipo": "ESCOLA MUNICIPAL",
    "distrito": 2,
    "bairro": "Pilar",
    "endereco": "Rua Cearense nº 8  - Pilar",
    "endereco_completo": "Rua Cearense - Pilar, Duque de Caxias",
    "cep": "25233-400",
    "telefone": "3656-3092",
    "cidade": "Duque de Caxias",
    "estado": "RJ",
    "ddd": "21",
    "codigo_ibge": "3301702",
    "viacep_consultado": true
  },
  {
    "id": "escola_2_52",
    "numero": 52,
    "nome": "EM PROFª ELISABETH LOPES CABRAL",
    "tipo": "ESCOLA MUNICIPAL",
    "distrito": 2,
    "bairro": "S. Bento",
    "endereco": "Av. Gal Carlos Marciano de Medeiros, s/n  - S. Bento",
    "endereco_completo": null,
    "cep": "25045-660",
    "telefone": "3135-0477",
    "cidade": null,
    "estado": null,
    "ddd": null,
    "codigo_ibge": null,
    "viacep_consultado": false
  },
  {
    "id": "escola_2_53",
    "numero": 53,
    "nome": "EM  MARIA DAS GRAÇAS CARDOSO BIGHI",
    "tipo": "ESCOLA MUNICIPAL",
    "distrito": 2,
    "bairro": "Parque Uruguaiana",
    "endereco": "Rua Barão do Rio Branco, Lt 09 Qd 01 - Saracuruna",
    "endereco_completo": "Rua Barão do Rio Branco - Parque Uruguaiana, Duque de Caxias",
    "cep": "25212-665",
    "telefone": "2776-3314",
    "cidade": "Duque de Caxias",
    "estado": "RJ",
    "ddd": "21",
    "codigo_ibge": "3301702",
    "viacep_consultado": true
  },
  {
    "id": "escola_2_54",
    "numero": 54,
    "nome": "EM INTERCULTURAL MÉXICO - PROFª NILCELINA DOS SANTOS \nFERREIRA",
    "tipo": "ESCOLA MUNICIPAL",
    "distrito": 2,
    "bairro": "Chácaras Arcampo",
    "endereco": "Rua dos Serrados, s/nº - Santa Cruz da Serra",
    "endereco_completo": "Rua Serrado - Chácaras Arcampo, Duque de Caxias",
    "cep": "25251-070",
    "telefone": "2777-5321",
    "cidade": "Duque de Caxias",
    "estado": "RJ",
    "ddd": "21",
    "codigo_ibge": "3301702",
    "viacep_consultado": true
  },
  {
    "id": "escola_2_55",
    "numero": 55,
    "nome": "EM PROFª SÔNIA REGINA SCUDESE DESSEMONE PINTO",
    "tipo": "ESCOLA MUNICIPAL",
    "distrito": 2,
    "bairro": "Chácaras Rio-Petrópolis",
    "endereco": "Rua Visconde de Inhaúnha, Qd 43 Lt 25 - Pilar",
    "endereco_completo": "Rua São Jorge - Chácaras Rio-Petrópolis, Duque de Caxias",
    "cep": "25230-180",
    "telefone": "2776-6547",
    "cidade": "Duque de Caxias",
    "estado": "RJ",
    "ddd": "21",
    "codigo_ibge": "3301702",
    "viacep_consultado": true
  },
  {
    "id": "escola_2_56",
    "numero": 56,
    "nome": "EM REGINA CELI  DA  SILVA  CERDEIRA",
    "tipo": "ESCOLA MUNICIPAL",
    "distrito": 2,
    "bairro": "Jardim Primavera",
    "endereco": "Av Primavera, nº 10 - Qd 20/22 - Jardim Primavera",
    "endereco_completo": "Rua Jornalista Moacir Padilha - Jardim Primavera, Duque de Caxias",
    "cep": "25215-250",
    "telefone": "2773-0013",
    "cidade": "Duque de Caxias",
    "estado": "RJ",
    "ddd": "21",
    "codigo_ibge": "3301702",
    "viacep_consultado": true
  },
  {
    "id": "escola_2_57",
    "numero": 57,
    "nome": "EM SETE DE SETEMBRO",
    "tipo": "ESCOLA MUNICIPAL",
    "distrito": 2,
    "bairro": "São Bento",
    "endereco": "Rua F,  s/nº - Conjunto Nova Esperança - São Bento",
    "endereco_completo": null,
    "cep": "25045-000",
    "telefone": "3134-2088",
    "cidade": null,
    "estado": null,
    "ddd": null,
    "codigo_ibge": null,
    "viacep_consultado": false
  },
  {
    "id": "escola_2_58",
    "numero": 58,
    "nome": "EM SOLANO TRINDADE",
    "tipo": "ESCOLA MUNICIPAL",
    "distrito": 2,
    "bairro": "Chácaras Rio-Petrópolis",
    "endereco": "Rua da Felicidade, 3 - Pilar",
    "endereco_completo": "Rua Felicidade - Chácaras Rio-Petrópolis, Duque de Caxias",
    "cep": "25230-140",
    "telefone": "2773-6610",
    "cidade": "Duque de Caxias",
    "estado": "RJ",
    "ddd": "21",
    "codigo_ibge": "3301702",
    "viacep_consultado": true
  },
  {
    "id": "escola_2_59",
    "numero": 59,
    "nome": "EE MUNIPALIZADA TANCREDO NEVES",
    "tipo": "ESCOLA MUNICIPAL",
    "distrito": 2,
    "bairro": "Parque Eldorado",
    "endereco": "Rua Dr Josias de Freitas, s/nº - Parque Eldorado -  Santa Cruz da Serra",
    "endereco_completo": "Rua Doutor Josias de Freitas - Parque Eldorado, Duque de Caxias",
    "cep": "25240-470",
    "telefone": "3656-8075",
    "cidade": "Duque de Caxias",
    "estado": "RJ",
    "ddd": "21",
    "codigo_ibge": "3301702",
    "viacep_consultado": true
  },
  {
    "id": "escola_2_60",
    "numero": 60,
    "nome": "EM WALDEMAR ZVEITER",
    "tipo": "ESCOLA MUNICIPAL",
    "distrito": 2,
    "bairro": "Cangulo",
    "endereco": "Rua Projetada/Av.Branca Dias - Cangulo",
    "endereco_completo": null,
    "cep": "",
    "telefone": "",
    "cidade": null,
    "estado": null,
    "ddd": null,
    "codigo_ibge": null,
    "viacep_consultado": false
  },
  {
    "id": "escola_2_61",
    "numero": 61,
    "nome": "EM WANDA GOMES SOARES",
    "tipo": "ESCOLA MUNICIPAL",
    "distrito": 2,
    "bairro": "Jardim Primavera",
    "endereco": "Av Visconde de Itaúna, nº 61 - Jardim Primavera",
    "endereco_completo": "Avenida Visconde de Itaúna - Jardim Primavera, Duque de Caxias",
    "cep": "25214-415",
    "telefone": "27779109",
    "cidade": "Duque de Caxias",
    "estado": "RJ",
    "ddd": "21",
    "codigo_ibge": "3301702",
    "viacep_consultado": true
  },
  {
    "id": "escola_2_xxx",
    "numero": "xxx",
    "nome": "CRPH /MUSEU VIVO",
    "tipo": "ESCOLA MUNICIPAL",
    "distrito": 2,
    "bairro": "Parque Fluminense",
    "endereco": "R. Benjamin da Rocha Júnior, s/n - São Bento",
    "endereco_completo": "Rua Benjamin da Rocha Júnior - Parque Fluminense, Duque de Caxias",
    "cep": "25045-010",
    "telefone": "2653-7681",
    "cidade": "Duque de Caxias",
    "estado": "RJ",
    "ddd": "21",
    "codigo_ibge": "3301702",
    "viacep_consultado": true
  },
  {
    "id": "escola_3_1",
    "numero": 1,
    "nome": "CCAIC - JARDIM ANHANGÁ",
    "tipo": "CCAIC",
    "distrito": 3,
    "bairro": "Jardim Anhangá",
    "endereco": "Rua  Avenida Amaro Martins, 22- Jardim Anhangá",
    "endereco_completo": "Rua José Ramos - Jardim Anhangá, Duque de Caxias",
    "cep": "25264-530",
    "telefone": "2654-9243",
    "cidade": "Duque de Caxias",
    "estado": "RJ",
    "ddd": "21",
    "codigo_ibge": "3301702",
    "viacep_consultado": true
  },
  {
    "id": "escola_3_2",
    "numero": 2,
    "nome": "CRECHE e PRÉ-ESC MUNICIPAL PROFª \nARMANDA ÁLVARO ALBERTO",
    "tipo": "CRECHE",
    "distrito": 3,
    "bairro": "Nova Campinas",
    "endereco": "Avenida  A, Qd 93 - Nova Campinas",
    "endereco_completo": "Avenida do Saber - Nova Campinas, Duque de Caxias",
    "cep": "25268-010",
    "telefone": "2654-7861",
    "cidade": "Duque de Caxias",
    "estado": "RJ",
    "ddd": "21",
    "codigo_ibge": "3301702",
    "viacep_consultado": true
  },
  {
    "id": "escola_3_3",
    "numero": 3,
    "nome": "CRECHE MUNICIPAL IRMÃ ARNALDA DA  SILVA \nNEVES",
    "tipo": "CRECHE",
    "distrito": 3,
    "bairro": "",
    "endereco": "Est Cachoeira das Dores, nº 1693, c/ 23, Taquara",
    "endereco_completo": null,
    "cep": "25270-000",
    "telefone": "2787-3121",
    "cidade": null,
    "estado": null,
    "ddd": null,
    "codigo_ibge": null,
    "viacep_consultado": false
  },
  {
    "id": "escola_3_4",
    "numero": 4,
    "nome": "CRECHE E EM DONA LEDA GRANJA VICTER",
    "tipo": "CRECHE",
    "distrito": 3,
    "bairro": "Nova Campinas",
    "endereco": "Avenida A , s/nº - Nova Campinas  CEP :25268-220",
    "endereco_completo": "Avenida A - Nova Campinas, Duque de Caxias",
    "cep": "25268-220",
    "telefone": "",
    "cidade": "Duque de Caxias",
    "estado": "RJ",
    "ddd": "21",
    "codigo_ibge": "3301702",
    "viacep_consultado": true
  },
  {
    "id": "escola_3_5",
    "numero": 5,
    "nome": "CRECHE MUNICIPAL MONSENHOR LIBRELLOTO",
    "tipo": "CRECHE",
    "distrito": 3,
    "bairro": "Jardim Imbariê",
    "endereco": "Rua Y,  s/nº  -  Conj. Residencial 22 de Abril - Imbariê",
    "endereco_completo": "Rua Y - Jardim Imbariê, Duque de Caxias",
    "cep": "25271-020",
    "telefone": "2678-4216",
    "cidade": "Duque de Caxias",
    "estado": "RJ",
    "ddd": "21",
    "codigo_ibge": "3301702",
    "viacep_consultado": true
  },
  {
    "id": "escola_3_6",
    "numero": 6,
    "nome": "CRECHE E PRÉ-ESCOLA MUNICIPAL PROFª \nROSALITA DA SILVA NETTO",
    "tipo": "CRECHE",
    "distrito": 3,
    "bairro": "Jardim Anhangá",
    "endereco": "Rua  AQ, Lt 03 Qd 50 - Jardim Anhangá",
    "endereco_completo": null,
    "cep": "25264-452",
    "telefone": "",
    "cidade": null,
    "estado": null,
    "ddd": null,
    "codigo_ibge": null,
    "viacep_consultado": false
  },
  {
    "id": "escola_3_7",
    "numero": 7,
    "nome": "CRECHE E PRÉ-ESCOLA MUNICIPAL PROFª DALVA LAZARONI\nDE MORAES",
    "tipo": "CRECHE",
    "distrito": 3,
    "bairro": "Jardim Imbariê",
    "endereco": "Ruas B,L,V e Delta - Conjunto Vinte e Dois de Abril -Imbariê",
    "endereco_completo": "Rua V - Jardim Imbariê, Duque de Caxias",
    "cep": "25271-660",
    "telefone": "",
    "cidade": "Duque de Caxias",
    "estado": "RJ",
    "ddd": "21",
    "codigo_ibge": "3301702",
    "viacep_consultado": true
  },
  {
    "id": "escola_3_8",
    "numero": 8,
    "nome": "CRECHE E PRÉ-ESCOLA MUNICIPAL DEPUTADO \nJOSÉ CARLOS COUTINHO",
    "tipo": "CRECHE",
    "distrito": 3,
    "bairro": "Jardim Anhangá",
    "endereco": "Rodovia Rio Magé, 14 - Jardim Anhangá",
    "endereco_completo": null,
    "cep": "",
    "telefone": "",
    "cidade": null,
    "estado": null,
    "ddd": null,
    "codigo_ibge": null,
    "viacep_consultado": false
  },
  {
    "id": "escola_3_9",
    "numero": 9,
    "nome": "CIEP BRIZOLÃO MUNICIPALIZADO 015 - HENRIQUE DE SOUZA FILHO - HENFIL",
    "tipo": "CIEP",
    "distrito": 3,
    "bairro": "Parque Paulista",
    "endereco": "Av 31 de Março, nº 88 - Pq. Paulista",
    "endereco_completo": "Avenida Trinta e Um de Marco - Parque Paulista, Duque de Caxias",
    "cep": "25261-000",
    "telefone": "2775-9315 - 2675-3038",
    "cidade": "Duque de Caxias",
    "estado": "RJ",
    "ddd": "21",
    "codigo_ibge": "3301702",
    "viacep_consultado": true
  },
  {
    "id": "escola_3_10",
    "numero": 10,
    "nome": "CIEP BRIZOLÃO MUNICIPALIZADO 227 - PROCÓPIO FERREIRA",
    "tipo": "CIEP",
    "distrito": 3,
    "bairro": "Nova Campinas",
    "endereco": "Avenida A, s/nº - Nova Campinas",
    "endereco_completo": "Avenida do Saber - Nova Campinas, Duque de Caxias",
    "cep": "25268-010",
    "telefone": "3653-7114  - | 2675-0950",
    "cidade": "Duque de Caxias",
    "estado": "RJ",
    "ddd": "21",
    "codigo_ibge": "3301702",
    "viacep_consultado": true
  },
  {
    "id": "escola_3_11",
    "numero": 11,
    "nome": "CIEP BRIZOLÃO MUNICIPALIZADO 319 - ODUVALDO VIANA FILHO",
    "tipo": "CIEP",
    "distrito": 3,
    "bairro": "Jardim Anhangá",
    "endereco": "Av Anhangá, s/nº - Jardim Anhangá",
    "endereco_completo": "Avenida Hélio de Oliveira - Jardim Anhangá, Duque de Caxias",
    "cep": "25264-350",
    "telefone": "3656-0583",
    "cidade": "Duque de Caxias",
    "estado": "RJ",
    "ddd": "21",
    "codigo_ibge": "3301702",
    "viacep_consultado": true
  },
  {
    "id": "escola_3_12",
    "numero": 12,
    "nome": "CIEP BRIZOLÃO MUNICIPALIZADO 330 -MARIA DA GLORIA CORREA LEMOS",
    "tipo": "CIEP",
    "distrito": 3,
    "bairro": "Jardim Imbariê",
    "endereco": "Av Automóvel Club, km 56 - Sta.Lúcia",
    "endereco_completo": "Avenida Automóvel Clube - Jardim Imbariê, Duque de Caxias",
    "cep": "25272-030",
    "telefone": "3650-3890",
    "cidade": "Duque de Caxias",
    "estado": "RJ",
    "ddd": "21",
    "codigo_ibge": "3301702",
    "viacep_consultado": true
  },
  {
    "id": "escola_3_13",
    "numero": 13,
    "nome": "CIEP BRIZOLÃO MUNICIPALIZADO 407 - NEUSA GOULART BRIZOLA",
    "tipo": "CIEP",
    "distrito": 3,
    "bairro": "Vila Angélica",
    "endereco": "Rua Real da Estrela, s/nº - Parada Angélica",
    "endereco_completo": "Rua Real Estrela - Vila Angélica, Duque de Caxias",
    "cep": "25272-230",
    "telefone": "3661-6555",
    "cidade": "Duque de Caxias",
    "estado": "RJ",
    "ddd": "21",
    "codigo_ibge": "3301702",
    "viacep_consultado": true
  },
  {
    "id": "escola_3_14",
    "numero": 14,
    "nome": "EM ALMIRANTE TAMANDARÉ",
    "tipo": "ESCOLA MUNICIPAL",
    "distrito": 3,
    "bairro": "Vila Bernadete",
    "endereco": "Av Automóvel Club, km 52 - Jardim Rotsen - Imbariê",
    "endereco_completo": "Rua Aspásia - Vila Bernadete, Duque de Caxias",
    "cep": "25272-660",
    "telefone": "3666-5927",
    "cidade": "Duque de Caxias",
    "estado": "RJ",
    "ddd": "21",
    "codigo_ibge": "3301702",
    "viacep_consultado": true
  },
  {
    "id": "escola_3_15",
    "numero": 15,
    "nome": "EM BARÃO DA TAQUARA",
    "tipo": "ESCOLA MUNICIPAL",
    "distrito": 3,
    "bairro": "Taquara",
    "endereco": "Praça São Paulo, 119 -  Taquara",
    "endereco_completo": null,
    "cep": "25270-000",
    "telefone": "3666-5917",
    "cidade": null,
    "estado": null,
    "ddd": null,
    "codigo_ibge": null,
    "viacep_consultado": false
  },
  {
    "id": "escola_3_16",
    "numero": 16,
    "nome": "EM BARRO BRANCO",
    "tipo": "ESCOLA MUNICIPAL",
    "distrito": 3,
    "bairro": "Jardim Barro Branco",
    "endereco": "Av Pedro Álvares Cabral, Lt.27 Qd 10 -  Jardim Barro Branco",
    "endereco_completo": "Avenida Pedro Álvares Cabral - Jardim Barro Branco, Duque de Caxias",
    "cep": "25267-120",
    "telefone": "3652-8355",
    "cidade": "Duque de Caxias",
    "estado": "RJ",
    "ddd": "21",
    "codigo_ibge": "3301702",
    "viacep_consultado": true
  },
  {
    "id": "escola_3_17",
    "numero": 17,
    "nome": "EM CFN EDUARDO GOMES DE OLIVEIRA",
    "tipo": "ESCOLA MUNICIPAL",
    "distrito": 3,
    "bairro": "Parada Morabi",
    "endereco": "Rua da Lapa, Lts 13/14 - Parada Morabi",
    "endereco_completo": "Rua Lapa - Parada Morabi, Duque de Caxias",
    "cep": "25265-180",
    "telefone": "2678-2778",
    "cidade": "Duque de Caxias",
    "estado": "RJ",
    "ddd": "21",
    "codigo_ibge": "3301702",
    "viacep_consultado": true
  },
  {
    "id": "escola_3_18",
    "numero": 18,
    "nome": "EM FRANCISCO BARBOZA LEITE",
    "tipo": "ESCOLA MUNICIPAL",
    "distrito": 3,
    "bairro": "Jardim Imbariê",
    "endereco": "Rua Dois, s/nº - Conj. Imbariê III",
    "endereco_completo": "Avenida Canal - Jardim Imbariê, Duque de Caxias",
    "cep": "25270-450",
    "telefone": "3650-3996",
    "cidade": "Duque de Caxias",
    "estado": "RJ",
    "ddd": "21",
    "codigo_ibge": "3301702",
    "viacep_consultado": true
  },
  {
    "id": "escola_3_19",
    "numero": 19,
    "nome": "EM GENERAL MOURÃO FILHO",
    "tipo": "ESCOLA MUNICIPAL",
    "distrito": 3,
    "bairro": "Jd. Anhangá",
    "endereco": "R. Violeta, s/nº - Jd. Anhangá",
    "endereco_completo": null,
    "cep": "25468-420",
    "telefone": "3661-1355",
    "cidade": null,
    "estado": null,
    "ddd": null,
    "codigo_ibge": null,
    "viacep_consultado": false
  },
  {
    "id": "escola_3_20",
    "numero": 20,
    "nome": "EM JARDIM ANHANGÁ",
    "tipo": "ESCOLA MUNICIPAL",
    "distrito": 3,
    "bairro": "Jardim Anhangá",
    "endereco": "Rua M, Lt. 32  Qd 59 - Jd. Anhangá",
    "endereco_completo": "Rua José Ramos - Jardim Anhangá, Duque de Caxias",
    "cep": "25264-530",
    "telefone": "3650-9628",
    "cidade": "Duque de Caxias",
    "estado": "RJ",
    "ddd": "21",
    "codigo_ibge": "3301702",
    "viacep_consultado": true
  },
  {
    "id": "escola_3_21",
    "numero": 21,
    "nome": "EM LUIZ GAMA BORGES",
    "tipo": "ESCOLA MUNICIPAL",
    "distrito": 3,
    "bairro": "Parque Paulista",
    "endereco": "R. Malherbe, Lt. 01 Qd 90 - Pq. Paulista",
    "endereco_completo": "Rua Jorge Vieira - Parque Paulista, Duque de Caxias",
    "cep": "25261-440",
    "telefone": "2675-0297 - | 2675-0298",
    "cidade": "Duque de Caxias",
    "estado": "RJ",
    "ddd": "21",
    "codigo_ibge": "3301702",
    "viacep_consultado": true
  },
  {
    "id": "escola_3_22",
    "numero": 22,
    "nome": "EM MÁRCIO FIAT",
    "tipo": "ESCOLA MUNICIPAL",
    "distrito": 3,
    "bairro": "Parada Angélica",
    "endereco": "Rua São Cristóvão, Lt 17 Qd 07 - Parada Angélica",
    "endereco_completo": "Rua São Cristóvão - Parada Angélica, Duque de Caxias",
    "cep": "25272-292",
    "telefone": "3666-9190 - | 2787-5129",
    "cidade": "Duque de Caxias",
    "estado": "RJ",
    "ddd": "21",
    "codigo_ibge": "3301702",
    "viacep_consultado": true
  },
  {
    "id": "escola_3_23",
    "numero": 23,
    "nome": "EM MARECHAL FLORIANO PEIXOTO",
    "tipo": "ESCOLA MUNICIPAL",
    "distrito": 3,
    "bairro": "Parada Angélica",
    "endereco": "Rua David Campista, nº 08 - Parada Angélica",
    "endereco_completo": null,
    "cep": "",
    "telefone": "97696-6527",
    "cidade": null,
    "estado": null,
    "ddd": null,
    "codigo_ibge": null,
    "viacep_consultado": false
  },
  {
    "id": "escola_3_24",
    "numero": 24,
    "nome": "EM NOVA CAMPINAS",
    "tipo": "ESCOLA MUNICIPAL",
    "distrito": 3,
    "bairro": "Jardim Imbariê",
    "endereco": "Rua B,  Lts 17 a  23,   Qd 12  - Nova Campinas",
    "endereco_completo": "Rua Y - Jardim Imbariê, Duque de Caxias",
    "cep": "25271-020",
    "telefone": "3652-6875 - | 3652-8995",
    "cidade": "Duque de Caxias",
    "estado": "RJ",
    "ddd": "21",
    "codigo_ibge": "3301702",
    "viacep_consultado": true
  },
  {
    "id": "escola_3_25",
    "numero": 25,
    "nome": "EM PAULO RODRIGUES PEREIRA",
    "tipo": "ESCOLA MUNICIPAL",
    "distrito": 3,
    "bairro": "Parque Estrela",
    "endereco": "Rua Voltaire, Lt 13  Qd 67 - Imbariê",
    "endereco_completo": "Rua Voltaire - Parque Estrela, Duque de Caxias",
    "cep": "25275-300",
    "telefone": "2787-1689",
    "cidade": "Duque de Caxias",
    "estado": "RJ",
    "ddd": "21",
    "codigo_ibge": "3301702",
    "viacep_consultado": true
  },
  {
    "id": "escola_3_26",
    "numero": 26,
    "nome": "EM PEDRO PAULO DA SILVA",
    "tipo": "ESCOLA MUNICIPAL",
    "distrito": 3,
    "bairro": "Vila Santa Cruz",
    "endereco": "Rua 20, Lt. 12, Qd. 23 - Santa Cruz da Serra",
    "endereco_completo": "Rua Vinte - Vila Santa Cruz, Duque de Caxias",
    "cep": "25260-220",
    "telefone": "3658-7379 - | 3658-7751",
    "cidade": "Duque de Caxias",
    "estado": "RJ",
    "ddd": "21",
    "codigo_ibge": "3301702",
    "viacep_consultado": true
  },
  {
    "id": "escola_3_27",
    "numero": 27,
    "nome": "EM PROFª CARMEM CORRÊA DE \nCARVALHO REIS BRAZ",
    "tipo": "ESCOLA MUNICIPAL",
    "distrito": 3,
    "bairro": "Vila Araci (Imbariê)",
    "endereco": "Av Coronel Sisson, s/nº - Imbariê",
    "endereco_completo": "Avenida Coronel Sisson - Vila Araci (Imbariê), Duque de Caxias",
    "cep": "25266-000",
    "telefone": "2678-1291",
    "cidade": "Duque de Caxias",
    "estado": "RJ",
    "ddd": "21",
    "codigo_ibge": "3301702",
    "viacep_consultado": true
  },
  {
    "id": "escola_3_28",
    "numero": 28,
    "nome": "EM PROFª CARMEN LÚCIA RESENDE \nALVIM DA SILVA",
    "tipo": "ESCOLA MUNICIPAL",
    "distrito": 3,
    "bairro": "Vila Santa Cruz",
    "endereco": "Rua Projetada, nº 3 -Lt 7 Qd 44 - Sta Cruz da Serra",
    "endereco_completo": "Rua Projetada A - Vila Santa Cruz, Duque de Caxias",
    "cep": "25255-220",
    "telefone": "2675-8086",
    "cidade": "Duque de Caxias",
    "estado": "RJ",
    "ddd": "21",
    "codigo_ibge": "3301702",
    "viacep_consultado": true
  },
  {
    "id": "escola_3_29",
    "numero": 29,
    "nome": "EM PROFª DALVA BORGES DA CUNHA",
    "tipo": "ESCOLA MUNICIPAL",
    "distrito": 3,
    "bairro": "km 53  Taquara",
    "endereco": "Av Automóvel Club, Lt 23 Qd 35 - km 53  Taquara",
    "endereco_completo": null,
    "cep": "25070-189",
    "telefone": "2787-6189",
    "cidade": null,
    "estado": null,
    "ddd": null,
    "codigo_ibge": null,
    "viacep_consultado": false
  },
  {
    "id": "escola_3_30",
    "numero": 30,
    "nome": "EM PROFª DULCE TRINDADE BRAGA",
    "tipo": "ESCOLA MUNICIPAL",
    "distrito": 3,
    "bairro": "Jardim Anhangá",
    "endereco": "Av. Hélio de Oliveira, s/nº - Jdim Anhangá",
    "endereco_completo": "Avenida Hélio de Oliveira - Jardim Anhangá, Duque de Caxias",
    "cep": "25264-350",
    "telefone": "2678-2529",
    "cidade": "Duque de Caxias",
    "estado": "RJ",
    "ddd": "21",
    "codigo_ibge": "3301702",
    "viacep_consultado": true
  },
  {
    "id": "escola_3_31",
    "numero": 31,
    "nome": "EE MUNICIPALIZADA PROFª MARIA DE ARAUJO DA SILVA",
    "tipo": "ESCOLA MUNICIPAL",
    "distrito": 3,
    "bairro": "Santa Lúcia",
    "endereco": "Rua General Francisco de Lima, s/nº - Taquara",
    "endereco_completo": "Rua Acre - Santa Lúcia, Duque de Caxias",
    "cep": "25275-000",
    "telefone": "2787-6439",
    "cidade": "Duque de Caxias",
    "estado": "RJ",
    "ddd": "21",
    "codigo_ibge": "3301702",
    "viacep_consultado": true
  },
  {
    "id": "escola_3_32",
    "numero": 32,
    "nome": "EM ROBERTO WEGUELIN DE ABREU",
    "tipo": "ESCOLA MUNICIPAL",
    "distrito": 3,
    "bairro": "Jardim Imbariê",
    "endereco": "Rua M nº 179, Jardim Imbariê",
    "endereco_completo": "Rua M - Jardim Imbariê, Duque de Caxias",
    "cep": "25271-540",
    "telefone": "2775-5409",
    "cidade": "Duque de Caxias",
    "estado": "RJ",
    "ddd": "21",
    "codigo_ibge": "3301702",
    "viacep_consultado": true
  },
  {
    "id": "escola_3_33",
    "numero": 33,
    "nome": "EM ROTARY",
    "tipo": "ESCOLA MUNICIPAL",
    "distrito": 3,
    "bairro": "Santa Cruz da Serra",
    "endereco": "Rua Alagoas, nº 12 - Santa Cruz da Serra",
    "endereco_completo": "Rua Alagoas - Santa Cruz da Serra, Duque de Caxias",
    "cep": "25255-070",
    "telefone": "3658-6964",
    "cidade": "Duque de Caxias",
    "estado": "RJ",
    "ddd": "21",
    "codigo_ibge": "3301702",
    "viacep_consultado": true
  },
  {
    "id": "escola_3_34",
    "numero": 34,
    "nome": "EM SANTA LUZIA",
    "tipo": "ESCOLA MUNICIPAL",
    "distrito": 3,
    "bairro": "Parque Equitativa",
    "endereco": "Rua Marquês de Lafaiete, nº 70 - Parque Equitativa",
    "endereco_completo": null,
    "cep": "25260-370",
    "telefone": "3777-1845",
    "cidade": null,
    "estado": null,
    "ddd": null,
    "codigo_ibge": null,
    "viacep_consultado": false
  },
  {
    "id": "escola_3_35",
    "numero": 35,
    "nome": "EM SENADOR AFONSO ARINOS",
    "tipo": "ESCOLA MUNICIPAL",
    "distrito": 3,
    "bairro": "Nova Campinas",
    "endereco": "Avenida  A,  s/nº - Qd 86 - Nova Campinas",
    "endereco_completo": "Rua 7 - Nova Campinas, Duque de Caxias",
    "cep": "25268-370",
    "telefone": "3650-9747",
    "cidade": "Duque de Caxias",
    "estado": "RJ",
    "ddd": "21",
    "codigo_ibge": "3301702",
    "viacep_consultado": true
  },
  {
    "id": "escola_3_36",
    "numero": 36,
    "nome": "EM ULYSSES SILVEIRA GUIMARÃES",
    "tipo": "ESCOLA MUNICIPAL",
    "distrito": 3,
    "bairro": "Parque Santa Rosa",
    "endereco": "Rua Almirante Cochrame, s/nº - Imbariê",
    "endereco_completo": "Rua Feliciano Sodré - Parque Santa Rosa, Duque de Caxias",
    "cep": "25275-455",
    "telefone": "",
    "cidade": "Duque de Caxias",
    "estado": "RJ",
    "ddd": "21",
    "codigo_ibge": "3301702",
    "viacep_consultado": true
  },
  {
    "id": "escola_3_37",
    "numero": 37,
    "nome": "EM ZIRALDO ALVES PINTO",
    "tipo": "ESCOLA MUNICIPAL",
    "distrito": 3,
    "bairro": "Parque Paulista",
    "endereco": "Rua 29 de Março, esquina com 31 de Março, S/Nº nº - Parque Paulista",
    "endereco_completo": "Avenida Trinta e Um de Marco - Parque Paulista, Duque de Caxias",
    "cep": "25261-000",
    "telefone": "",
    "cidade": "Duque de Caxias",
    "estado": "RJ",
    "ddd": "21",
    "codigo_ibge": "3301702",
    "viacep_consultado": true
  },
  {
    "id": "escola_4_1.0",
    "numero": 1.0,
    "nome": "CCAIC - AMAPÁ",
    "tipo": "CCAIC",
    "distrito": 4,
    "bairro": "Amapá",
    "endereco": "Rua Dalila, nº 8 A - Amapá",
    "endereco_completo": "Rua Dalila - Amapá, Duque de Caxias",
    "cep": "25235-460",
    "telefone": "3659-6605",
    "cidade": "Duque de Caxias",
    "estado": "RJ",
    "ddd": "21",
    "codigo_ibge": "3301702",
    "viacep_consultado": true
  },
  {
    "id": "escola_4_2.0",
    "numero": 2.0,
    "nome": "CCAIC - XERÉM",
    "tipo": "CCAIC",
    "distrito": 4,
    "bairro": "Parque Xerém",
    "endereco": "Rua Enéias Rias Frutuoso, nº 134 - Pedreira - Xerém",
    "endereco_completo": "Rua Eneias Rias Frutuoso - Parque Xerém, Duque de Caxias",
    "cep": "25245-410",
    "telefone": "3658-5262",
    "cidade": "Duque de Caxias",
    "estado": "RJ",
    "ddd": "21",
    "codigo_ibge": "3301702",
    "viacep_consultado": true
  },
  {
    "id": "escola_4_3.0",
    "numero": 3.0,
    "nome": "CRECHE e EM BAIRRO TABULEIRO",
    "tipo": "CRECHE",
    "distrito": 4,
    "bairro": "Parque Xerém",
    "endereco": "Estrada do Tabuleiro, s/nº -Tabuleiro",
    "endereco_completo": "Estrada Taboleiro - Parque Xerém, Duque de Caxias",
    "cep": "25245-750",
    "telefone": "3767-7557",
    "cidade": "Duque de Caxias",
    "estado": "RJ",
    "ddd": "21",
    "codigo_ibge": "3301702",
    "viacep_consultado": true
  },
  {
    "id": "escola_4_4.0",
    "numero": 4.0,
    "nome": "CRECHE e PRÉ-ESCOLA MUNICIPAL \nPROFª MARÍLIA DA SILVA SIQUEIRA",
    "tipo": "CRECHE",
    "distrito": 4,
    "bairro": "Xerém",
    "endereco": "Estrada de Xerém, nº 27b - Xerém",
    "endereco_completo": "Estrada Xerém - Xerém, Duque de Caxias",
    "cep": "25245-390",
    "telefone": "2679-1095",
    "cidade": "Duque de Caxias",
    "estado": "RJ",
    "ddd": "21",
    "codigo_ibge": "3301702",
    "viacep_consultado": true
  },
  {
    "id": "escola_4_5.0",
    "numero": 5.0,
    "nome": "CIEP BRIZOLÃO MUNICIPALIZADO 338 - CÉLIA RABELO",
    "tipo": "CIEP",
    "distrito": 4,
    "bairro": "Parque Xerém",
    "endereco": "Rua Enéas Frutuoso, s/nº - Xerém (Pça. da Pedreira)",
    "endereco_completo": "Rua Eneias Rias Frutuoso - Parque Xerém, Duque de Caxias",
    "cep": "25245-410",
    "telefone": "3653-8250",
    "cidade": "Duque de Caxias",
    "estado": "RJ",
    "ddd": "21",
    "codigo_ibge": "3301702",
    "viacep_consultado": true
  },
  {
    "id": "escola_4_6.0",
    "numero": 6.0,
    "nome": "EM BARÃO DO AMAPÁ",
    "tipo": "ESCOLA MUNICIPAL",
    "distrito": 4,
    "bairro": "Amapá",
    "endereco": "Rua Dalila, Lt 03 Qd 05 - Amapá - Xerém",
    "endereco_completo": "Rua Dalila - Amapá, Duque de Caxias",
    "cep": "25235-460",
    "telefone": "2654-6822",
    "cidade": "Duque de Caxias",
    "estado": "RJ",
    "ddd": "21",
    "codigo_ibge": "3301702",
    "viacep_consultado": true
  },
  {
    "id": "escola_4_7.0",
    "numero": 7.0,
    "nome": "EM BRASÍLIA",
    "tipo": "ESCOLA MUNICIPAL",
    "distrito": 4,
    "bairro": "Vila Bonança",
    "endereco": "Rua João Santos Sobrinho, nº 16 - Vila Bonança",
    "endereco_completo": "Rua Aurora - Vila Bonança, Duque de Caxias",
    "cep": "25255-480",
    "telefone": "3653-9689",
    "cidade": "Duque de Caxias",
    "estado": "RJ",
    "ddd": "21",
    "codigo_ibge": "3301702",
    "viacep_consultado": true
  },
  {
    "id": "escola_4_8.0",
    "numero": 8.0,
    "nome": "EM BRASIL-ITÁLIA",
    "tipo": "ESCOLA MUNICIPAL",
    "distrito": 4,
    "bairro": "Mantiquira",
    "endereco": "Estrada do Aviário, s/nº - Xerém",
    "endereco_completo": "Rua Márcio Santos da Silva - Mantiquira, Duque de Caxias",
    "cep": "25250-410",
    "telefone": "",
    "cidade": "Duque de Caxias",
    "estado": "RJ",
    "ddd": "21",
    "codigo_ibge": "3301702",
    "viacep_consultado": true
  },
  {
    "id": "escola_4_9.0",
    "numero": 9.0,
    "nome": "EM CASTRO ALVES",
    "tipo": "ESCOLA MUNICIPAL",
    "distrito": 4,
    "bairro": "Jardim Olimpo",
    "endereco": "Rua Maurícia, Qd 10 - Jardim Olimpo",
    "endereco_completo": "Rua Mauricia - Jardim Olimpo, Duque de Caxias",
    "cep": "25255-350",
    "telefone": "3653-9685",
    "cidade": "Duque de Caxias",
    "estado": "RJ",
    "ddd": "21",
    "codigo_ibge": "3301702",
    "viacep_consultado": true
  },
  {
    "id": "escola_4_10.0",
    "numero": 10.0,
    "nome": "EM CORAÇÃO DE JESUS",
    "tipo": "ESCOLA MUNICIPAL",
    "distrito": 4,
    "bairro": "Chácaras Rio-Petrópolis",
    "endereco": "Estrada São Lourenço, km 50 - Mantiquira - Xerém",
    "endereco_completo": "Estrada São Lourenço - Chácaras Rio-Petrópolis, Duque de Caxias",
    "cep": "25243-150",
    "telefone": "2654-8900  - | 3652-8682",
    "cidade": "Duque de Caxias",
    "estado": "RJ",
    "ddd": "21",
    "codigo_ibge": "3301702",
    "viacep_consultado": true
  },
  {
    "id": "escola_4_11.0",
    "numero": 11.0,
    "nome": "EM DR ELY COMBAT",
    "tipo": "ESCOLA MUNICIPAL",
    "distrito": 4,
    "bairro": "Vila Operária",
    "endereco": "Rua Rio Grande do Sul,  nº 17 - Xerém  Tel(s): 3777-1004 -  3777-3112 - 3777-1972",
    "endereco_completo": "Rua Rio Grande do Sul - Vila Operária, Duque de Caxias",
    "cep": "25250-080",
    "telefone": "",
    "cidade": "Duque de Caxias",
    "estado": "RJ",
    "ddd": "21",
    "codigo_ibge": "3301702",
    "viacep_consultado": true
  },
  {
    "id": "escola_4_12.0",
    "numero": 12.0,
    "nome": "EM EMBAIXADOR OSWALDO ARANHA",
    "tipo": "ESCOLA MUNICIPAL",
    "distrito": 4,
    "bairro": "Parque Xerém",
    "endereco": "R. João Aires, Lt 09 Qd 06 - Xerém",
    "endereco_completo": "Rua João Aires - Parque Xerém, Duque de Caxias",
    "cep": "25245-640",
    "telefone": "3777-3805",
    "cidade": "Duque de Caxias",
    "estado": "RJ",
    "ddd": "21",
    "codigo_ibge": "3301702",
    "viacep_consultado": true
  },
  {
    "id": "escola_4_13.0",
    "numero": 13.0,
    "nome": "EM LENI FERNANDES DO NASCIMENTO",
    "tipo": "ESCOLA MUNICIPAL",
    "distrito": 4,
    "bairro": "Parque Xerém",
    "endereco": "Rua Silvio Caldas , s/nº – Chapéu do Sol - Xerém",
    "endereco_completo": "Rua Sílvio Caldas - Parque Xerém, Duque de Caxias",
    "cep": "25245-790",
    "telefone": "3777-3854  - | 3777-3986",
    "cidade": "Duque de Caxias",
    "estado": "RJ",
    "ddd": "21",
    "codigo_ibge": "3301702",
    "viacep_consultado": true
  },
  {
    "id": "escola_4_14.0",
    "numero": 14.0,
    "nome": "EM MONTESE",
    "tipo": "ESCOLA MUNICIPAL",
    "distrito": 4,
    "bairro": "Vila Canaan",
    "endereco": "R. Quatro,  Lt 10 e 14 Qd 23 Vila Canaã",
    "endereco_completo": "Rua Quatro - Vila Canaan, Duque de Caxias",
    "cep": "25255-280",
    "telefone": "2654-8913",
    "cidade": "Duque de Caxias",
    "estado": "RJ",
    "ddd": "21",
    "codigo_ibge": "3301702",
    "viacep_consultado": true
  },
  {
    "id": "escola_4_15.0",
    "numero": 15.0,
    "nome": "EM PARQUE CAPIVARI",
    "tipo": "ESCOLA MUNICIPAL",
    "distrito": 4,
    "bairro": "",
    "endereco": "Av Marquês de Barbacena, Lts 18/19 Qd 03  Parque Capivari",
    "endereco_completo": null,
    "cep": "25124-230",
    "telefone": "2676-3539",
    "cidade": null,
    "estado": null,
    "ddd": null,
    "codigo_ibge": null,
    "viacep_consultado": false
  },
  {
    "id": "escola_4_16.0",
    "numero": 16.0,
    "nome": "EM PASTOR ERNANI BATISTA DE LIMA",
    "tipo": "ESCOLA MUNICIPAL",
    "distrito": 4,
    "bairro": "Santo Antônio",
    "endereco": "Rua Antônio Guedes, nº 1999- Santo Antônio - Xerém",
    "endereco_completo": "Rua Antônio Guedes - Santo Antônio, Duque de Caxias",
    "cep": "25253-550",
    "telefone": "2678-3842",
    "cidade": "Duque de Caxias",
    "estado": "RJ",
    "ddd": "21",
    "codigo_ibge": "3301702",
    "viacep_consultado": true
  },
  {
    "id": "escola_4_17.0",
    "numero": 17.0,
    "nome": "EM PRESIDENTE VARGAS",
    "tipo": "ESCOLA MUNICIPAL",
    "distrito": 4,
    "bairro": "Chácaras Rio-Petrópolis",
    "endereco": "Est. do Rio Paty, nº 5003 - Faz. São Lourenço   Xerém",
    "endereco_completo": "Rua Ravena - Chácaras Rio-Petrópolis, Duque de Caxias",
    "cep": "25245-000",
    "telefone": "",
    "cidade": "Duque de Caxias",
    "estado": "RJ",
    "ddd": "21",
    "codigo_ibge": "3301702",
    "viacep_consultado": true
  },
  {
    "id": "escola_4_18.0",
    "numero": 18.0,
    "nome": "EM PROF RAUL DE OLIVEIRA",
    "tipo": "ESCOLA MUNICIPAL",
    "distrito": 4,
    "bairro": "Santa Cruz da Serra",
    "endereco": "Rua Mato Grosso, nº 60 - Santa Cruz da Serra",
    "endereco_completo": null,
    "cep": "25450-220",
    "telefone": "3656-8316",
    "cidade": null,
    "estado": null,
    "ddd": null,
    "codigo_ibge": null,
    "viacep_consultado": false
  },
  {
    "id": "escola_4_19.0",
    "numero": 19.0,
    "nome": "EM PROFª AILA SALDANHA DO COUTO",
    "tipo": "ESCOLA MUNICIPAL",
    "distrito": 4,
    "bairro": "Vila Santa Alice",
    "endereco": "Rua Ibiinga, Lts 23/24 -Xerém cep: 25250-310",
    "endereco_completo": "Estrada da Igreja Velha - Vila Santa Alice, Duque de Caxias",
    "cep": "25250-310",
    "telefone": "3658-4294",
    "cidade": "Duque de Caxias",
    "estado": "RJ",
    "ddd": "21",
    "codigo_ibge": "3301702",
    "viacep_consultado": true
  },
  {
    "id": "escola_4_20.0",
    "numero": 20.0,
    "nome": "EE MUNICIPALIZADA PROFª MARIANA NUNES PASSOS",
    "tipo": "ESCOLA MUNICIPAL",
    "distrito": 4,
    "bairro": "Chácaras Rio-Petrópolis",
    "endereco": "Rua da Felicidade, nº 35 - Barreiros - Xerém",
    "endereco_completo": "Rua Felicidade - Chácaras Rio-Petrópolis, Duque de Caxias",
    "cep": "25230-140",
    "telefone": "3658-4873  - | 2654-8806",
    "cidade": "Duque de Caxias",
    "estado": "RJ",
    "ddd": "21",
    "codigo_ibge": "3301702",
    "viacep_consultado": true
  },
  {
    "id": "escola_4_21.0",
    "numero": 21.0,
    "nome": "EM SANTA RITA",
    "tipo": "ESCOLA MUNICIPAL",
    "distrito": 4,
    "bairro": "Mantiquira",
    "endereco": "Rua Marcio Santos Silva, s/nº, Mantiquira - Xerém",
    "endereco_completo": "Rua Márcio Santos da Silva - Mantiquira, Duque de Caxias",
    "cep": "25250-410",
    "telefone": "2679-5309",
    "cidade": "Duque de Caxias",
    "estado": "RJ",
    "ddd": "21",
    "codigo_ibge": "3301702",
    "viacep_consultado": true
  },
  {
    "id": "escola_4_22.0",
    "numero": 22.0,
    "nome": "EM SANTO AGOSTINHO",
    "tipo": "ESCOLA MUNICIPAL",
    "distrito": 4,
    "bairro": "Mantiquira",
    "endereco": "Rua Dr Osmundo Bezerra Duarte, s/nº - Mantiquira - Xerém",
    "endereco_completo": "Rua Jair Gomes Jardins - Mantiquira, Duque de Caxias",
    "cep": "25250-572",
    "telefone": "3777-3551  - | 2679-3351",
    "cidade": "Duque de Caxias",
    "estado": "RJ",
    "ddd": "21",
    "codigo_ibge": "3301702",
    "viacep_consultado": true
  },
  {
    "id": "escola_4_23.0",
    "numero": 23.0,
    "nome": "EM SANTO IZIDRO",
    "tipo": "ESCOLA MUNICIPAL",
    "distrito": 4,
    "bairro": "Parque Eldorado",
    "endereco": "Estrada do Cantão, nº 24 - Xerém",
    "endereco_completo": "Estrada do Cantão - Parque Eldorado, Duque de Caxias",
    "cep": "25240-517",
    "telefone": "3658-4411",
    "cidade": "Duque de Caxias",
    "estado": "RJ",
    "ddd": "21",
    "codigo_ibge": "3301702",
    "viacep_consultado": true
  },
  {
    "id": "escola_4_24.0",
    "numero": 24.0,
    "nome": "EM SARGENTO JOÃO DÉLIO DOS SANTOS",
    "tipo": "ESCOLA MUNICIPAL",
    "distrito": 4,
    "bairro": "Xerém",
    "endereco": "Av Brasil, nº 560 - Fazenda Piranema - Xerém",
    "endereco_completo": null,
    "cep": "25065-170",
    "telefone": "2764-9039",
    "cidade": null,
    "estado": null,
    "ddd": null,
    "codigo_ibge": null,
    "viacep_consultado": false
  },
  {
    "id": "escola_4_25.0",
    "numero": 25.0,
    "nome": "EE MUNICIPALIZADA SERGIPE",
    "tipo": "ESCOLA MUNICIPAL",
    "distrito": 4,
    "bairro": "Chácaras Rio-Petrópolis",
    "endereco": "Praça Salustiano Ribeiro de Andrade, nº 22 - Xerém",
    "endereco_completo": "Rua Ravena - Chácaras Rio-Petrópolis, Duque de Caxias",
    "cep": "25245-000",
    "telefone": "2675-8420",
    "cidade": "Duque de Caxias",
    "estado": "RJ",
    "ddd": "21",
    "codigo_ibge": "3301702",
    "viacep_consultado": true
  }
]