[
  {
    "nome": "Centro de Referência e Atenção Especializada à Saúde da Mulher (CRAESM)",
    "tipo": "Especializada",
    "endereco": "Rua Vinte e Cinco de Agosto, 01 - Xerém – Duque de Caxias – RJ",
    "bairro": "Xerém",
    "cep": "25272-560",
    "telefone": "(21) 3658-4184 / 3658-4203",
    "distrito": 4,
    "id": "saude_1",
    "numero": 1
  },
  {
    "nome": "Centro Municipal de Saúde de Duque de Caxias (CMSDC)",
    "tipo": "Especializada",
    "endereco": "Rua General Gurjão, s/nº - Centro – Duque de Caxias – RJ",
    "bairro": "Centro",
    "cep": "25020-000",
    "telefone": "(21) 2671-7659 / 2771-4682",
    "distrito": 1,
    "id": "saude_2",
    "numero": 2
  },
  {
    "nome": "Hospital Municipal São José - CORAÇÃO",
    "tipo": "Hospital",
    "endereco": "Rua Nobre de Lacerda, 36 - Vila Flavia – Duque de Caxias – RJ",
    "bairro": "Vila Flavia",
    "cep": "25010-260",
    "telefone": "N/A",
    "distrito": 1,
    "id": "saude_3",
    "numero": 3
  },
  {
    "nome": "Hospital Municipal Do Olho Júlio Cândido de Brito",
    "tipo": "Hospital",
    "endereco": "Doutor Lauriano, Nº1145 – Duque de Caxias – RJ",
    "bairro": "Doutor Laureano",
    "cep": "25.060-220",
    "telefone": "N/A",
    "distrito": 1,
    "id": "saude_4",
    "numero": 4
  },
  {
    "nome": "Hospital Infantil Ismélia da Silveira",
    "tipo": "Hospital",
    "endereco": "Avenida Presidente Kennedy, s/nº - Centro – Duque de Caxias – RJ",
    "bairro": "Centro",
    "cep": "25020-000",
    "telefone": "(21) 2671-7477 / 2671-7702",
    "distrito": 1,
    "id": "saude_5",
    "numero": 5
  },
  {
    "nome": "Hospital Infantil de Parada Angélica Padre Guilherme",
    "tipo": "Hospital",
    "endereco": "Avaristo de Morais, s/n – Parada Angélica - Duque de Caxias – RJ",
    "bairro": "Parada Angélica",
    "cep": "25272-560",
    "telefone": "N/A",
    "distrito": 3,
    "id": "saude_6",
    "numero": 6
  },
  {
    "nome": "Hospital Municipal Dr. Moacyr Rodrigues do Carmo",
    "tipo": "Hospital",
    "endereco": "Rodovia Washington Luiz, 3200 – Beira Mar – Duque de Caxias – RJ",
    "bairro": "Beira Mar",
    "cep": "25010-000",
    "telefone": "(21) 2671-0671 / 2671-6285 / 2672-1090",
    "distrito": 1,
    "id": "saude_7",
    "numero": 7
  },
  {
    "nome": "Hospital Adão Pereira Nunes – HMAPN",
    "tipo": "Hospital",
    "endereco": "Rodovia Washington Luiz, s/n, km109. Jardim Primavera – Duque de Caxias – RJ",
    "bairro": "Jardim Primavera",
    "cep": "25225-015",
    "telefone": "(21) 2777-9070",
    "distrito": 2,
    "id": "saude_8",
    "numero": 8
  },
  {
    "nome": "Policlínica Hospital Duque de Caxias",
    "tipo": "Policlínica",
    "endereco": "Rua Manoel Lucas, s/nº - Parque Senhor do Bonfim – Duque de Caxias",
    "bairro": "Parque Senhor do Bonfim",
    "cep": "25000-000",
    "telefone": "(21) 3652-4012",
    "distrito": 1,
    "id": "saude_9",
    "numero": 9
  },
  {
    "nome": "Maternidade Municipal Santa Cruz da Serra",
    "tipo": "Maternidade",
    "endereco": "Avenida Automóvel Clube, esquina com a Rua Alagoas, lote 25, Quadra A, Loteamento Vila Santa Cruz – Duque de Caxias – RJ",
    "bairro": "Santa Cruz da Serra",
    "cep": "25000-000",
    "telefone": "N/A",
    "distrito": 3,
    "id": "saude_10",
    "numero": 10
  },
  {
    "nome": "Centro de Fisioterapia Pastor Norival Franco (Xerém)",
    "tipo": "Especializada",
    "endereco": "Av. Pastor Manoel Avelino de Souza, 27 - Xerém – Duque de Caxias – RJ",
    "bairro": "Xerém",
    "cep": "25272-560",
    "telefone": "N/A",
    "distrito": 4,
    "id": "saude_11",
    "numero": 11
  },
  {
    "nome": "UPA Infantil Walter Garcia",
    "tipo": "UPA",
    "endereco": "Avenida Presidente Kennedy, s/nº - Centro – Duque de Caxias – RJ",
    "bairro": "Centro",
    "cep": "25020-000",
    "telefone": "(21) 2772-8301 / 2782-2152",
    "distrito": 1,
    "id": "saude_12",
    "numero": 12
  },
  {
    "nome": "UPA Parque Beira Mar",
    "tipo": "UPA",
    "endereco": "Rodovia Washington Luiz, 3200 – Beira Mar – Duque de Caxias – RJ",
    "bairro": "Beira Mar",
    "cep": "25010-000",
    "telefone": "N/A",
    "distrito": 1,
    "id": "saude_13",
    "numero": 13
  },
  {
    "nome": "UPA SARAPUÍ",
    "tipo": "UPA",
    "endereco": "Av. República do Paraguai, s/nº - Vila Sarapuí – Duque de Caxias – RJ",
    "bairro": "Sarapuí",
    "cep": "25000-000",
    "telefone": "(21) 3134-7-0239",
    "distrito": 1,
    "id": "saude_14",
    "numero": 14
  },
  {
    "nome": "UPA LAFAIETE",
    "tipo": "UPA",
    "endereco": "R: Joaquim Peçanha s/nº - 1532 – Parque Lafaiete – Duque de Caxias – RJ",
    "bairro": "Parque Lafaiete",
    "cep": "25000-000",
    "telefone": "N/A",
    "distrito": 1,
    "id": "saude_15",
    "numero": 15
  },
  {
    "nome": "UPH Campos Elíseos",
    "tipo": "UPH",
    "endereco": "Av. Actura, 333 – Campos Elíseos – Duque de Caxias – RJ",
    "bairro": "Campos Elíseos",
    "cep": "25000-000",
    "telefone": "(21) 2776-0318",
    "distrito": 2,
    "id": "saude_16",
    "numero": 16
  },
  {
    "nome": "UPH Imbariê",
    "tipo": "UPH",
    "endereco": "Rua Catarina, s/nº - Imbariê – Duque de Caxias – RJ",
    "bairro": "Imbariê",
    "cep": "25000-000",
    "telefone": "(21) 2678-0014",
    "distrito": 3,
    "id": "saude_17",
    "numero": 17
  },
  {
    "nome": "UPH Parque Equitativa",
    "tipo": "UPH",
    "endereco": "Av. Automóvel Clube, s/nº - Parque Equitativa – Duque de Caxias – RJ",
    "bairro": "Parque Equitativa",
    "cep": "25000-000",
    "telefone": "(21) 2679-2040",
    "distrito": 3,
    "id": "saude_18",
    "numero": 18
  },
  {
    "nome": "UPH Pilar",
    "tipo": "UPH",
    "endereco": "Rua Carlos Alvear s/nº - Pilar – Duque de Caxias – RJ",
    "bairro": "Pilar",
    "cep": "25000-000",
    "telefone": "(21) 2776-1654",
    "distrito": 2,
    "id": "saude_19",
    "numero": 19
  },
  {
    "nome": "UPH Saracuruna",
    "tipo": "UPH",
    "endereco": "Av. Presidente Roosevelt, s/nº - Saracuruna – Duque de Caxias – RJ",
    "bairro": "Saracuruna",
    "cep": "25000-000",
    "telefone": "(21) 2678-8345",
    "distrito": 2,
    "id": "saude_20",
    "numero": 20
  },
  {
    "nome": "UPH Xerém",
    "tipo": "UPH",
    "endereco": "Rua Nóbrega Ribeiro, s/nº - Xerém – Duque de Caxias – RJ",
    "bairro": "Xerém",
    "cep": "25272-560",
    "telefone": "(21) 2679-1837",
    "distrito": 4,
    "id": "saude_21",
    "numero": 21
  },
  {
    "nome": "Centro de Atenção Psicossocial – CAPS LESLIE SANFORD CHAVIN",
    "tipo": "CAPS",
    "endereco": "Rua Marechal Deodoro, 147 – Jardim Vinte e Cinco de Agosto – RJ",
    "bairro": "25 de Agosto",
    "cep": "25000-000",
    "telefone": "(21) 2671-5806 / (21) 959068093",
    "distrito": 1,
    "id": "saude_22",
    "numero": 22
  },
  {
    "nome": "Centro de Atenção Psicossocial para Usuários de Álcool e Outras Drogas Renato Russo – CAPS AD",
    "tipo": "CAPS",
    "endereco": "Rua Nilo Vieira, 353 – Centro – Duque de Caxias – RJ",
    "bairro": "Centro",
    "cep": "25020-000",
    "telefone": "(21) 2673-6144 / (21) 986675624",
    "distrito": 1,
    "id": "saude_23",
    "numero": 23
  },
  {
    "nome": "Centro de Atenção Psicossocial Infanto-Juvenil – CAPSIJ",
    "tipo": "CAPS",
    "endereco": "Rua Marechal Floriano, 966 – Jardim Vinte e Cinco de Agosto – RJ",
    "bairro": "25 de Agosto",
    "cep": "25000-000",
    "telefone": "(21) 2672-3888 / (21) 2772-7569 / (21) 959069132",
    "distrito": 1,
    "id": "saude_24",
    "numero": 24
  },
  {
    "nome": "Centro de Atenção Psicossocial para Usuários de Álcool e Outras Drogas - CAPS AD XERÉM",
    "tipo": "CAPS",
    "endereco": "Rua Márcio Santos Silva, 77 – Mantiqueira - Xerém - RJ",
    "bairro": "Mantiquira",
    "cep": "25272-560",
    "telefone": "(21) 988032550",
    "distrito": 4,
    "id": "saude_25",
    "numero": 25
  },
  {
    "nome": "Centro de Atenção Psicossocial – CAPS Imbariê",
    "tipo": "CAPS",
    "endereco": "Rua Projetada 02 – Lt 11 QD 03 – Imbariê – Duque de Caxias – RJ",
    "bairro": "Imbariê",
    "cep": "25000-000",
    "telefone": "(21) 3661-0891 / (21) 993977976",
    "distrito": 3,
    "id": "saude_26",
    "numero": 26
  },
  {
    "nome": "Centro de Atenção ao Portador de Deficiências - CEAPD (CER II)",
    "tipo": "CAPS",
    "endereco": "Rua Nilo Vieira, 353 – Centro – Duque de Caxias – RJ",
    "bairro": "Centro",
    "cep": "25020-000",
    "telefone": "(21) 3774-4020",
    "distrito": 1,
    "id": "saude_27",
    "numero": 27
  },
  {
    "nome": "Centro de Atenção Total ao Adolescente – CEATA",
    "tipo": "CAPS",
    "endereco": "Rua Manoel Lucas, s/nº - Parque Senhor do Bonfim – Duque de Caxias – RJ",
    "bairro": "Parque Senhor do Bonfim",
    "cep": "25000-000",
    "telefone": "(21) 2772-7308 / (21) 2652-2986",
    "distrito": 1,
    "id": "saude_28",
    "numero": 28
  },
  {
    "nome": "Centro Especialização em Reabilitação – CER IV",
    "tipo": "CAPS",
    "endereco": "Av. República do Paraguai, s/nº - Sarapuí – Duque de Caxias – RJ",
    "bairro": "Sarapuí",
    "cep": "25000-000",
    "telefone": "N/A",
    "distrito": 1,
    "id": "saude_29",
    "numero": 29
  },
  {
    "nome": "Centro de Especialidade Odontológica (CEO Imbariê)",
    "tipo": "CEO",
    "endereco": "Rua Feliciano Sodré, s/nº – Imbariê – Duque de Caxias – RJ",
    "bairro": "Imbariê",
    "cep": "25000-000",
    "telefone": "(21) 3661-4271",
    "distrito": 3,
    "id": "saude_30",
    "numero": 30
  },
  {
    "nome": "Centro de Especialidade Odontológica (CEO Xerém)",
    "tipo": "CEO",
    "endereco": "Av. Venância, s/nº (Terminal Rodoviário) – Xerém – Duque de Caxias – RJ",
    "bairro": "Xerém",
    "cep": "25272-560",
    "telefone": "N/A",
    "distrito": 4,
    "id": "saude_31",
    "numero": 31
  },
  {
    "nome": "Centro de Especialidade Odontológica (Centro)",
    "tipo": "CEO",
    "endereco": "Rua gen. Gurjão s/n – Centro / Duque de Caxias",
    "bairro": "Centro",
    "cep": "25020-000",
    "telefone": "N/A",
    "distrito": 1,
    "id": "saude_32",
    "numero": 32
  },
  {
    "nome": "Centro de Especialidade Odontológica (CEO PRAINHA)",
    "tipo": "CEO",
    "endereco": "Av. Dr. Manoel Teles, 1714, Bar dos Cavaleiros – Duque de Caxias - RJ",
    "bairro": "Bar dos Cavaleiros",
    "cep": "25000-000",
    "telefone": "(21) 3657-9013",
    "distrito": 1,
    "id": "saude_33",
    "numero": 33
  },
  {
    "nome": "Posto Odontológico Professor José de Souza Herdy",
    "tipo": "CEO",
    "endereco": "Rua Parque Alcino Guanabara, s/nº - Parque Felicidade – Duque de Caxias – RJ",
    "bairro": "Parque Felicidade",
    "cep": "25000-000",
    "telefone": "(21) 2650-1295",
    "distrito": 1,
    "id": "saude_34",
    "numero": 34
  }
]