{
  "": {
    "escolas": [
      {
        "nome": "SECRETARIA MUNICIPAL DE EDUCAÇÃO",
        "tipo": "ESCOLA MUNICIPAL",
        "cep": "",
        "distrito": 1
      },
      {
        "nome": "CRECHE E PRÉ -ESCOLA MUNICIPAL PEQUENO GUERREIRO",
        "tipo": "CRECHE",
        "cep": "",
        "distrito": 1
      },
      {
        "nome": "EM TODOS OS SANTOS",
        "tipo": "ESCOLA MUNICIPAL",
        "cep": "",
        "distrito": 1
      },
      {
        "nome": "CRECHE MUNICIPAL IRMÃ ARNALDA DA  SILVA \nNEVES",
        "tipo": "CRECHE",
        "cep": "25270-000",
        "distrito": 3
      },
      {
        "nome": "EM PARQUE CAPIVARI",
        "tipo": "ESCOLA MUNICIPAL",
        "cep": "25124-230",
        "distrito": 4
      }
    ],
    "secretarias": [],
    "unidades_saude": [],
    "servicos": []
  },
  "Jardim Gramacho": {
    "escolas": [
      {
        "nome": "CCAIC - JARDIM GRAMACHO",
        "tipo": "CCAIC",
        "cep": "25055-110",
        "distrito": 1
      },
      {
        "nome": "CRECHE e PRÉ-ESC MUNICIPAL UBALDINA \nALVES DA SILVA",
        "tipo": "CRECHE",
        "cep": "25055-252",
        "distrito": 1
      },
      {
        "nome": "EM JARDIM GRAMACHO",
        "tipo": "ESCOLA MUNICIPAL",
        "cep": "25055-030",
        "distrito": 1
      },
      {
        "nome": "EM JOSÉ MEDEIROS CABRAL",
        "tipo": "ESCOLA MUNICIPAL",
        "cep": "25056-310",
        "distrito": 1
      },
      {
        "nome": "EM MAURO DE CASTRO",
        "tipo": "ESCOLA MUNICIPAL",
        "cep": "25055-340",
        "distrito": 1
      },
      {
        "nome": "EE MUNICIPALIZADA OSWALDO CRUZ",
        "tipo": "ESCOLA MUNICIPAL",
        "cep": "25055-340",
        "distrito": 1
      }
    ],
    "secretarias": [],
    "unidades_saude": [],
    "servicos": []
  },
  "Olavo Bilac": {
    "escolas": [
      {
        "nome": "CCAIC - OLAVO BILAC",
        "tipo": "CCAIC",
        "cep": "25036-190",
        "distrito": 1
      },
      {
        "nome": "CRECHE e ESCOLA MUNICIPAL PARTEIRA \nODETE MARIA DE OLIVEIRA",
        "tipo": "CRECHE",
        "cep": "25035-170",
        "distrito": 1
      },
      {
        "nome": "CRECHE E ESCOLA MUNICIPAL PROFª LAURA \nD'AQUINO LONGO",
        "tipo": "CRECHE",
        "cep": "25036-300",
        "distrito": 1
      },
      {
        "nome": "EM Dr RICARDO AUGUSTO DE AZEREDO \nVIANNA",
        "tipo": "ESCOLA MUNICIPAL",
        "cep": "25025-350",
        "distrito": 1
      },
      {
        "nome": "EE MUNICIPALIZADA GUSTAVO ARMBRUST",
        "tipo": "ESCOLA MUNICIPAL",
        "cep": "25036-460",
        "distrito": 1
      },
      {
        "nome": "PRÉ - ESCOLA MUNICIPAL ALTO DA BOA VISTA",
        "tipo": "ESCOLA MUNICIPAL",
        "cep": "25036-190",
        "distrito": 1
      }
    ],
    "secretarias": [],
    "unidades_saude": [],
    "servicos": []
  },
  "Vila Centenário": {
    "escolas": [
      {
        "nome": "CRECHE MUNICIPAL ABNE MARQUES \nDE ABREU",
        "tipo": "CRECHE",
        "cep": "25030-300",
        "distrito": 1
      },
      {
        "nome": "CRECHE e EM BENÍZIO JOSÉ DA SILVA",
        "tipo": "CRECHE",
        "cep": "25025-050",
        "distrito": 1
      },
      {
        "nome": "EM HELENA AGUIAR DE MEDEIROS",
        "tipo": "ESCOLA MUNICIPAL",
        "cep": "25030-150",
        "distrito": 1
      },
      {
        "nome": "EM HERMÍNIA CALDAS DA SILVA",
        "tipo": "ESCOLA MUNICIPAL",
        "cep": "25030-140",
        "distrito": 1
      },
      {
        "nome": "ANEXO : CIEP 201 AARÃO STEINBRUCH",
        "tipo": "CIEP",
        "cep": "25030-001",
        "distrito": 2
      }
    ],
    "secretarias": [],
    "unidades_saude": [],
    "servicos": []
  },
  "Vila São Luís": {
    "escolas": [
      {
        "nome": "CRECHE E PRÉ- ESC MUNICIPAL COMUNITÁRIA SÃO SEBASTIÃO",
        "tipo": "CRECHE",
        "cep": "25065-090",
        "distrito": 1
      },
      {
        "nome": "EM EXPEDICIONÁRIO AQUINO DE ARAÚJO",
        "tipo": "ESCOLA MUNICIPAL",
        "cep": "25065-050",
        "distrito": 1
      },
      {
        "nome": "EM LIONS",
        "tipo": "ESCOLA MUNICIPAL",
        "cep": "25070-090",
        "distrito": 1
      },
      {
        "nome": "EM SERGIPE",
        "tipo": "ESCOLA MUNICIPAL",
        "cep": "25060-220",
        "distrito": 1
      }
    ],
    "secretarias": [],
    "unidades_saude": [],
    "servicos": []
  },
  "Vila Operária": {
    "escolas": [
      {
        "nome": "CRECHE e PRE-ESC MUNICIPAL ELISA MATHIAS DE \nARAÚJO",
        "tipo": "CRECHE",
        "cep": "25080-420",
        "distrito": 1
      },
      {
        "nome": "EM DR ELY COMBAT",
        "tipo": "ESCOLA MUNICIPAL",
        "cep": "25250-080",
        "distrito": 4
      }
    ],
    "secretarias": [],
    "unidades_saude": [],
    "servicos": []
  },
  "Parque das Missões": {
    "escolas": [
      {
        "nome": "CRECHE E PRÉ-ESC MUNICIPAL GANDUR ASSED",
        "tipo": "CRECHE",
        "cep": "25086-450",
        "distrito": 1
      }
    ],
    "secretarias": [],
    "unidades_saude": [],
    "servicos": []
  },
  "Vila São Sebastião": {
    "escolas": [
      {
        "nome": "CRECHE MUNICIPAL GRACIESSE LUIZA \nDA SILVA LOURENÇO",
        "tipo": "CRECHE",
        "cep": "25065-175",
        "distrito": 1
      }
    ],
    "secretarias": [],
    "unidades_saude": [],
    "servicos": []
  },
  "Parque Lafaiete": {
    "escolas": [
      {
        "nome": "CRECHE MUNICIPAL IRACY MOREIRA \nTHEODORO",
        "tipo": "CRECHE",
        "cep": "25015-580",
        "distrito": 1
      },
      {
        "nome": "EM MARIA JOSÉ DE OLIVEIRA",
        "tipo": "ESCOLA MUNICIPAL",
        "cep": "25010-302",
        "distrito": 1
      },
      {
        "nome": "EM PROFª HILDA DO CARMO SIQUEIRA",
        "tipo": "ESCOLA MUNICIPAL",
        "cep": "25015-420",
        "distrito": 1
      },
      {
        "nome": "EM PROF JAIR ALVES DE FREITAS",
        "tipo": "ESCOLA MUNICIPAL",
        "cep": "25015-655",
        "distrito": 1
      },
      {
        "nome": "EM SANTA TEREZINHA",
        "tipo": "ESCOLA MUNICIPAL",
        "cep": "25025-210",
        "distrito": 1
      },
      {
        "nome": "EM VISCONDE DE ITABORAÍ",
        "tipo": "ESCOLA MUNICIPAL",
        "cep": "25015-001",
        "distrito": 1
      }
    ],
    "secretarias": [],
    "unidades_saude": [],
    "servicos": []
  },
  "Jardim Vinte e Cinco de Agosto": {
    "escolas": [
      {
        "nome": "CRECHE MUNICIPAL LÚCIA DE FATIMA BOMFIM DE CASTRO E SILVA",
        "tipo": "CRECHE",
        "cep": "25075-282",
        "distrito": 1
      },
      {
        "nome": "EE MUNICIPALIZADA MANOEL JOAQUIM SALGUEIRO",
        "tipo": "ESCOLA MUNICIPAL",
        "cep": "25070-390",
        "distrito": 1
      }
    ],
    "secretarias": [],
    "unidades_saude": [],
    "servicos": []
  },
  "Vila Leopoldina": {
    "escolas": [
      {
        "nome": "CRECHE e PRÉ - ESCOLA MUNICIPAL \nMARIA JOSÉ DA CONCEIÇÃO",
        "tipo": "CRECHE",
        "cep": "25035-330",
        "distrito": 1
      },
      {
        "nome": "EM ANÍSIO SPÍNOLA TEIXEIRA",
        "tipo": "ESCOLA MUNICIPAL",
        "cep": "25030-060",
        "distrito": 1
      },
      {
        "nome": "EM DARCY VARGAS",
        "tipo": "ESCOLA MUNICIPAL",
        "cep": "25036-120",
        "distrito": 1
      },
      {
        "nome": "EM Dr GASTÃO REIS",
        "tipo": "ESCOLA MUNICIPAL",
        "cep": "25030-060",
        "distrito": 1
      },
      {
        "nome": "EM WILSON DE OLIVEIRA SIMÕES",
        "tipo": "ESCOLA MUNICIPAL",
        "cep": "25060-445",
        "distrito": 1
      }
    ],
    "secretarias": [],
    "unidades_saude": [],
    "servicos": []
  },
  "Centro": {
    "escolas": [
      {
        "nome": "CRECHE e EM DR. ÁLVARO ALBERTO",
        "tipo": "CRECHE",
        "cep": "25010-100",
        "distrito": 1
      },
      {
        "nome": "CRECHE E PRÉ- ESC MUNICIPAL PROFº\nJOÃO DE OLIVEIRA",
        "tipo": "CRECHE",
        "cep": "25020-210",
        "distrito": 1
      },
      {
        "nome": "ANEXO (Creche) : IGREJA METODISTA  CENTRAL DE \nDUQUE DE CAXIAS",
        "tipo": "ESCOLA MUNICIPAL",
        "cep": "",
        "distrito": 1
      },
      {
        "nome": "EM ANA DE SOUZA HERDY (CIEP  031 LIRIO DO LAGUNA)",
        "tipo": "CIEP",
        "cep": "25011-300",
        "distrito": 1
      },
      {
        "nome": "EM CARLOTA MACHADO",
        "tipo": "ESCOLA MUNICIPAL",
        "cep": "25020-210",
        "distrito": 1
      },
      {
        "nome": "EM DARCY RIBEIRO",
        "tipo": "ESCOLA MUNICIPAL",
        "cep": "25011-350",
        "distrito": 1
      },
      {
        "nome": "EM PROF ROMEU MENEZES DOS SANTOS",
        "tipo": "ESCOLA MUNICIPAL",
        "cep": "25011-320",
        "distrito": 1
      }
    ],
    "secretarias": [],
    "unidades_saude": [],
    "servicos": []
  },
  "Vila Sarapuí": {
    "escolas": [
      {
        "nome": "CRECHE e EM POETISA CECÍLIA \nMEIRELES",
        "tipo": "CRECHE",
        "cep": "25050-100",
        "distrito": 1
      },
      {
        "nome": "CIEP BRIZOLÃO MUNICIPALIZADO 097 - CARLOS CHAGAS",
        "tipo": "CIEP",
        "cep": "25050-100",
        "distrito": 1
      },
      {
        "nome": "EM ANA NERY",
        "tipo": "ESCOLA MUNICIPAL",
        "cep": "25050-200",
        "distrito": 1
      },
      {
        "nome": "PRÉ - ESCOLA MUNICIPAL LAURA MENEZES \nDE FREITAS LIMA",
        "tipo": "ESCOLA MUNICIPAL",
        "cep": "25050-050",
        "distrito": 1
      }
    ],
    "secretarias": [],
    "unidades_saude": [],
    "servicos": []
  },
  "Vila Itamarati": {
    "escolas": [
      {
        "nome": "CRECHE MUNICIPAL TERESA DE LISIEUX",
        "tipo": "CRECHE",
        "cep": "25070-260",
        "distrito": 1
      },
      {
        "nome": "CIEP BRIZOLÃO MUNICICPALIZADO 405 - MINISTRO SANTIAGO DANTAS",
        "tipo": "CIEP",
        "cep": "25070-440",
        "distrito": 1
      }
    ],
    "secretarias": [],
    "unidades_saude": [],
    "servicos": []
  },
  "Parque Boa Vista II": {
    "escolas": [
      {
        "nome": "EM ALINE GONÇALVES DE LIMA (UNIDADE EM OBRA)",
        "tipo": "ESCOLA MUNICIPAL",
        "cep": "25085-300",
        "distrito": 1
      },
      {
        "nome": "EM PROF JOSÉ DE SOUZA HERDY",
        "tipo": "ESCOLA MUNICIPAL",
        "cep": "25085-300",
        "distrito": 1
      }
    ],
    "secretarias": [],
    "unidades_saude": [],
    "servicos": []
  },
  "Gramacho": {
    "escolas": [
      {
        "nome": "EM BARÃO DO RIO BRANCO",
        "tipo": "ESCOLA MUNICIPAL",
        "cep": "25035-180",
        "distrito": 1
      },
      {
        "nome": "EM CORA CORALINA",
        "tipo": "ESCOLA MUNICIPAL",
        "cep": "25023-250",
        "distrito": 1
      }
    ],
    "secretarias": [],
    "unidades_saude": [],
    "servicos": []
  },
  "Vila Guanabara": {
    "escolas": [
      {
        "nome": "EE MUNICIPALIZADA CASTRO ALVES",
        "tipo": "ESCOLA MUNICIPAL",
        "cep": "25080-250",
        "distrito": 1
      },
      {
        "nome": "EM MARECHAL MALLET",
        "tipo": "ESCOLA MUNICIPAL",
        "cep": "25065-005",
        "distrito": 1
      }
    ],
    "secretarias": [],
    "unidades_saude": [],
    "servicos": []
  },
  "Doutor Laureano": {
    "escolas": [
      {
        "nome": "EM GENERAL SAMPAIO",
        "tipo": "ESCOLA MUNICIPAL",
        "cep": "25060-190",
        "distrito": 1
      },
      {
        "nome": "EE MUNICIPALIZADA GENERAL TIBÚRCIO",
        "tipo": "ESCOLA MUNICIPAL",
        "cep": "25060-190",
        "distrito": 1
      }
    ],
    "secretarias": [],
    "unidades_saude": [],
    "servicos": []
  },
  "Trevo sdas Missões": {
    "escolas": [
      {
        "nome": "EM ITAMAR FRANCO",
        "tipo": "ESCOLA MUNICIPAL",
        "cep": "",
        "distrito": 1
      }
    ],
    "secretarias": [],
    "unidades_saude": [],
    "servicos": []
  },
  "Parque Beira Mar": {
    "escolas": [
      {
        "nome": "EM JOAQUIM DA SILVA PEÇANHA",
        "tipo": "ESCOLA MUNICIPAL",
        "cep": "25085-485",
        "distrito": 1
      },
      {
        "nome": "EM LAURENTINA CARDOSO DUARTE",
        "tipo": "ESCOLA MUNICIPAL",
        "cep": "25085-262",
        "distrito": 1
      }
    ],
    "secretarias": [],
    "unidades_saude": [],
    "servicos": []
  },
  "Jardim Granacho": {
    "escolas": [
      {
        "nome": "ANEXO (E.M.Mauro de Castro)",
        "tipo": "ESCOLA MUNICIPAL",
        "cep": "",
        "distrito": 1
      }
    ],
    "secretarias": [],
    "unidades_saude": [],
    "servicos": []
  },
  "Parque Paulicéia": {
    "escolas": [
      {
        "nome": "EM PROF MOTTA SOBRINHO",
        "tipo": "ESCOLA MUNICIPAL",
        "cep": "25071-000",
        "distrito": 1
      }
    ],
    "secretarias": [],
    "unidades_saude": [],
    "servicos": []
  },
  "Engenho do Porto": {
    "escolas": [
      {
        "nome": "EM PROFª OLGA TEIXEIRA DE OLIVEIRA",
        "tipo": "ESCOLA MUNICIPAL",
        "cep": "25015-045",
        "distrito": 1
      }
    ],
    "secretarias": [],
    "unidades_saude": [],
    "servicos": []
  },
  "Parque Felicidade": {
    "escolas": [
      {
        "nome": "EM PROF ONERES NUNES OLIVEIRA",
        "tipo": "ESCOLA MUNICIPAL",
        "cep": "25080-140",
        "distrito": 1
      },
      {
        "nome": "EM VILA OPERÁRIA",
        "tipo": "ESCOLA MUNICIPAL",
        "cep": "25080-520",
        "distrito": 1
      }
    ],
    "secretarias": [],
    "unidades_saude": [],
    "servicos": []
  },
  "Parque Centenário": {
    "escolas": [
      {
        "nome": "EM PROFª ZILLA JUNGER DA SILVA",
        "tipo": "ESCOLA MUNICIPAL",
        "cep": "25025-237",
        "distrito": 1
      }
    ],
    "secretarias": [],
    "unidades_saude": [],
    "servicos": []
  },
  "Pilar": {
    "escolas": [
      {
        "nome": "EM RUY BARBOSA",
        "tipo": "ESCOLA MUNICIPAL",
        "cep": "25235-245",
        "distrito": 1
      },
      {
        "nome": "CRECHE MUNICIPAL PROFª JESUÍNA \nFÁTIMA DE ANDRADE",
        "tipo": "CRECHE",
        "cep": "25235-010",
        "distrito": 2
      },
      {
        "nome": "ANEXO (Creche): IGREJA METODISTA DO PILAR",
        "tipo": "ESCOLA MUNICIPAL",
        "cep": "25233-223",
        "distrito": 2
      },
      {
        "nome": "EE MUNICIPALIZADA BAIRRO CALIFÓRNIA",
        "tipo": "ESCOLA MUNICIPAL",
        "cep": "25233-260",
        "distrito": 2
      },
      {
        "nome": "EM PROFª AMÉLIA CÂMARA DOS SANTOS",
        "tipo": "ESCOLA MUNICIPAL",
        "cep": "25233-400",
        "distrito": 2
      }
    ],
    "secretarias": [],
    "unidades_saude": [],
    "servicos": []
  },
  "Jardim Leal": {
    "escolas": [
      {
        "nome": "EM SENOR ABRAVANEL SILVIO SANTOS",
        "tipo": "ESCOLA MUNICIPAL",
        "cep": "",
        "distrito": 1
      }
    ],
    "secretarias": [],
    "unidades_saude": [],
    "servicos": []
  },
  "Vila São Luiz": {
    "escolas": [
      {
        "nome": "EM VINTE E UM DE ABRIL",
        "tipo": "ESCOLA MUNICIPAL",
        "cep": "25065-150",
        "distrito": 1
      }
    ],
    "secretarias": [],
    "unidades_saude": [],
    "servicos": []
  },
  "Jardim 25 de Agosto": {
    "escolas": [
      {
        "nome": "CEPEMHED",
        "tipo": "ESCOLA MUNICIPAL",
        "cep": "",
        "distrito": 1
      }
    ],
    "secretarias": [],
    "unidades_saude": [],
    "servicos": []
  },
  "Chácaras Rio-Petrópolis": {
    "escolas": [
      {
        "nome": "CCAIC - PARQUE MUÍSA",
        "tipo": "CCAIC",
        "cep": "25230-030",
        "distrito": 2
      },
      {
        "nome": "CRECHE e PRE-ESCOLA MUNICIPAL \nPROFª MARIA LÚCIA ANDRADE RIBEIRO",
        "tipo": "CRECHE",
        "cep": "25230-480",
        "distrito": 2
      },
      {
        "nome": "CRECHE E PRÉ- ESCOLA MUNICIPAL PROFª ROSA \nANGÉLICA FONSECA DE OLIVEIRA",
        "tipo": "CRECHE",
        "cep": "25231-250",
        "distrito": 2
      },
      {
        "nome": "CIEP BRIZOLÃO MUNICIPALIZADO 220 - YOLANDA BORGES",
        "tipo": "CIEP",
        "cep": "25231-250",
        "distrito": 2
      },
      {
        "nome": "EM IMACULADA CONCEIÇÃO",
        "tipo": "ESCOLA MUNICIPAL",
        "cep": "25230-570",
        "distrito": 2
      },
      {
        "nome": "EM NOSSA SENHORA DO PILAR",
        "tipo": "ESCOLA MUNICIPAL",
        "cep": "25230-270",
        "distrito": 2
      },
      {
        "nome": "EM PAULO ROBERTO DE MORAES \nLOUREIRO",
        "tipo": "ESCOLA MUNICIPAL",
        "cep": "25230-030",
        "distrito": 2
      },
      {
        "nome": "EM PRESIDENTE COSTA E SILVA",
        "tipo": "ESCOLA MUNICIPAL",
        "cep": "25243-150",
        "distrito": 2
      },
      {
        "nome": "EM PROF VILMAR BASTOS FURTADO",
        "tipo": "ESCOLA MUNICIPAL",
        "cep": "25230-610",
        "distrito": 2
      },
      {
        "nome": "EM PROF WALTER RUSSO DE SOUZA",
        "tipo": "ESCOLA MUNICIPAL",
        "cep": "25230-610",
        "distrito": 2
      },
      {
        "nome": "EM PROFª SÔNIA REGINA SCUDESE DESSEMONE PINTO",
        "tipo": "ESCOLA MUNICIPAL",
        "cep": "25230-180",
        "distrito": 2
      },
      {
        "nome": "EM SOLANO TRINDADE",
        "tipo": "ESCOLA MUNICIPAL",
        "cep": "25230-140",
        "distrito": 2
      },
      {
        "nome": "EM CORAÇÃO DE JESUS",
        "tipo": "ESCOLA MUNICIPAL",
        "cep": "25243-150",
        "distrito": 4
      },
      {
        "nome": "EM PRESIDENTE VARGAS",
        "tipo": "ESCOLA MUNICIPAL",
        "cep": "25245-000",
        "distrito": 4
      },
      {
        "nome": "EE MUNICIPALIZADA PROFª MARIANA NUNES PASSOS",
        "tipo": "ESCOLA MUNICIPAL",
        "cep": "25230-140",
        "distrito": 4
      },
      {
        "nome": "EE MUNICIPALIZADA SERGIPE",
        "tipo": "ESCOLA MUNICIPAL",
        "cep": "25245-000",
        "distrito": 4
      }
    ],
    "secretarias": [],
    "unidades_saude": [],
    "servicos": []
  },
  "Cangulo": {
    "escolas": [
      {
        "nome": "CRECHE E PRÉ-ESCOLA MUNICIPAL \nALBERT SABIN",
        "tipo": "CRECHE",
        "cep": "",
        "distrito": 2
      },
      {
        "nome": "EM WALDEMAR ZVEITER",
        "tipo": "ESCOLA MUNICIPAL",
        "cep": "",
        "distrito": 2
      }
    ],
    "secretarias": [],
    "unidades_saude": [],
    "servicos": []
  },
  "Jardim Primavera": {
    "escolas": [
      {
        "nome": "CRECHE  E PRÉ -ESCOLA MUNICIPAL AYRTON SENNA",
        "tipo": "CRECHE",
        "cep": "25213-183",
        "distrito": 2
      },
      {
        "nome": "CRECHE MUNICIPAL ZELINA PENIDO DA ROSA",
        "tipo": "CRECHE",
        "cep": "",
        "distrito": 2
      },
      {
        "nome": "EM ANTON DWORSAK",
        "tipo": "ESCOLA MUNICIPAL",
        "cep": "25213-340",
        "distrito": 2
      },
      {
        "nome": "EM BOM RETIRO",
        "tipo": "ESCOLA MUNICIPAL",
        "cep": "25223-770",
        "distrito": 2
      },
      {
        "nome": "EM REGINA CELI  DA  SILVA  CERDEIRA",
        "tipo": "ESCOLA MUNICIPAL",
        "cep": "25215-250",
        "distrito": 2
      },
      {
        "nome": "EM WANDA GOMES SOARES",
        "tipo": "ESCOLA MUNICIPAL",
        "cep": "25214-415",
        "distrito": 2
      }
    ],
    "secretarias": [
      {
        "nome": "IPMDC – INSTITUTO DE PREVIDÊNCIA DOS SERVIDORES PÚBLICOS DO MUNICÍPIO DE DUQUE DE CAXIAS",
        "cep": "Não informado",
        "distrito": 2
      },
      {
        "nome": "OUVIDORIA GERAL DO MUNICÍPIO",
        "cep": "25214-360",
        "distrito": 2
      },
      {
        "nome": "SECRETARIA MUNICIPAL DE ADMINISTRAÇÃO, PLANEJAMENTO E ORÇAMENTO",
        "cep": "25.215-260",
        "distrito": 2
      },
      {
        "nome": "SECRETARIA MUNICIPAL DE ARTICULAÇÃO INSTITUCIONAL",
        "cep": "25214-360",
        "distrito": 2
      },
      {
        "nome": "SECRETARIA MUNICIPAL DE COMUNICAÇÃO SOCIAL E RELAÇÕES PÚBLICAS",
        "cep": "25.215-260",
        "distrito": 2
      },
      {
        "nome": "SECRETARIA MUNICIPAL DE FAZENDA",
        "cep": "25.215-260",
        "distrito": 2
      },
      {
        "nome": "SECRETARIA MUNICIPAL DE GOVERNO",
        "cep": "25.215-260",
        "distrito": 2
      },
      {
        "nome": "SECRETARIA MUNICIPAL DE MEIO AMBIENTE",
        "cep": "25.215-265",
        "distrito": 2
      },
      {
        "nome": "SECRETARIA MUNICIPAL DE OBRAS E AGRICULTURA",
        "cep": "25.215-255",
        "distrito": 2
      },
      {
        "nome": "SECRETARIA MUNICIPAL DE PROTEÇÃO ANIMAL",
        "cep": "25.215-320",
        "distrito": 2
      },
      {
        "nome": "SECRETARIA MUNICIPAL DE SAÚDE",
        "cep": "25.215-265",
        "distrito": 2
      },
      {
        "nome": "SECRETARIA MUNICIPAL DE URBANISMO E HABITAÇÃO",
        "cep": "25.215-320",
        "distrito": 2
      }
    ],
    "unidades_saude": [],
    "servicos": []
  },
  "Petropólis": {
    "escolas": [
      {
        "nome": "CRECHE E PRÉ-ESCOLA MUNICIPAL \nJOSÉ ATAÍDE DA SILVA",
        "tipo": "CRECHE",
        "cep": "",
        "distrito": 2
      }
    ],
    "secretarias": [],
    "unidades_saude": [],
    "servicos": []
  },
  "Saracuruna": {
    "escolas": [
      {
        "nome": "CRECHE E PRÉ - ESCOLA MUNICIPAL VEREADOR JOSÉ CARLOS \nTEODORO",
        "tipo": "CRECHE",
        "cep": "25212-290",
        "distrito": 2
      },
      {
        "nome": "EE MUNICIPALIZADA ALBERTO SANTOS DUMONT",
        "tipo": "ESCOLA MUNICIPAL",
        "cep": "25211-010",
        "distrito": 2
      },
      {
        "nome": "EM OLINDA BONTURI BOLSONARO",
        "tipo": "ESCOLA MUNICIPAL",
        "cep": "",
        "distrito": 2
      },
      {
        "nome": "EM PEDRO RODRIGUES DO CARMO",
        "tipo": "ESCOLA MUNICIPAL",
        "cep": "25220-650",
        "distrito": 2
      }
    ],
    "secretarias": [],
    "unidades_saude": [],
    "servicos": []
  },
  "Campos Elíseos": {
    "escolas": [
      {
        "nome": "CRECHE E PRÉ-ESCOLA MUNICIPAL JORNALISTA SUSANA NASPOLINI",
        "tipo": "CRECHE",
        "cep": "25225-216",
        "distrito": 2
      },
      {
        "nome": "EM MONTEIRO LOBATO",
        "tipo": "ESCOLA MUNICIPAL",
        "cep": "25255-660",
        "distrito": 2
      }
    ],
    "secretarias": [],
    "unidades_saude": [],
    "servicos": []
  },
  "Vila São José": {
    "escolas": [
      {
        "nome": "CRECHE MUNICIPAL FABIO TENÓRIO CAVALCANTI",
        "tipo": "CRECHE",
        "cep": "",
        "distrito": 2
      }
    ],
    "secretarias": [],
    "unidades_saude": [],
    "servicos": []
  },
  "Parque Eldorado": {
    "escolas": [
      {
        "nome": "CRECHE MUNICIPAL MARLUSE VICENTE DA SILVA",
        "tipo": "CRECHE",
        "cep": "25240-490",
        "distrito": 2
      },
      {
        "nome": "EE MUNIPALIZADA TANCREDO NEVES",
        "tipo": "ESCOLA MUNICIPAL",
        "cep": "25240-470",
        "distrito": 2
      },
      {
        "nome": "EM SANTO IZIDRO",
        "tipo": "ESCOLA MUNICIPAL",
        "cep": "25240-517",
        "distrito": 4
      }
    ],
    "secretarias": [],
    "unidades_saude": [],
    "servicos": []
  },
  "Santo Antônio": {
    "escolas": [
      {
        "nome": "CIEP BRIZOLÃO MUNICIPALIZADO 120 - MONTEIRO LOBATO",
        "tipo": "CIEP",
        "cep": "25253-590",
        "distrito": 2
      },
      {
        "nome": "EM CIDADE DOS MENINOS",
        "tipo": "ESCOLA MUNICIPAL",
        "cep": "25235-150",
        "distrito": 2
      },
      {
        "nome": "EM PASTOR ERNANI BATISTA DE LIMA",
        "tipo": "ESCOLA MUNICIPAL",
        "cep": "25253-550",
        "distrito": 4
      }
    ],
    "secretarias": [],
    "unidades_saude": [],
    "servicos": []
  },
  "Parque Uruguaiana": {
    "escolas": [
      {
        "nome": "CIEP BRIZOLÃO MUNICIPALIZADO 318 - PAULO MENDES CAMPOS",
        "tipo": "CIEP",
        "cep": "25212-970",
        "distrito": 2
      },
      {
        "nome": "EM JAYME FICHMAN",
        "tipo": "ESCOLA MUNICIPAL",
        "cep": "25212-440",
        "distrito": 2
      },
      {
        "nome": "EM  MARIA DAS GRAÇAS CARDOSO BIGHI",
        "tipo": "ESCOLA MUNICIPAL",
        "cep": "25212-665",
        "distrito": 2
      }
    ],
    "secretarias": [],
    "unidades_saude": [],
    "servicos": []
  },
  "Jardim Balneário Ana Clara": {
    "escolas": [
      {
        "nome": "CIEP BRIZOLÃO MUNICIPALIZADO 328 - MARIE CURIE",
        "tipo": "CIEP",
        "cep": "25221-030",
        "distrito": 2
      },
      {
        "nome": "EM GOVERNADOR MÁRIO COVAS JÚNIOR",
        "tipo": "ESCOLA MUNICIPAL",
        "cep": "25221-060",
        "distrito": 2
      }
    ],
    "secretarias": [],
    "unidades_saude": [],
    "servicos": []
  },
  "Silva Cardoso": {
    "escolas": [
      {
        "nome": "ANEXO (Escola): CIEP 404 CLARICE LISPECTOR",
        "tipo": "CIEP",
        "cep": "25233-090",
        "distrito": 2
      }
    ],
    "secretarias": [],
    "unidades_saude": [],
    "servicos": []
  },
  "Parque Marilandia": {
    "escolas": [
      {
        "nome": "EM CAMPOS ELÍSEOS",
        "tipo": "ESCOLA MUNICIPAL",
        "cep": "25225-000",
        "distrito": 2
      },
      {
        "nome": "EM DR.MANOEL REIS",
        "tipo": "ESCOLA MUNICIPAL",
        "cep": "25225-000",
        "distrito": 2
      },
      {
        "nome": "EM MARILÂNDIA",
        "tipo": "ESCOLA MUNICIPAL",
        "cep": "25225-590",
        "distrito": 2
      }
    ],
    "secretarias": [],
    "unidades_saude": [],
    "servicos": []
  },
  "Parque Fluminense": {
    "escolas": [
      {
        "nome": "EM CORONEL ELISEU",
        "tipo": "ESCOLA MUNICIPAL",
        "cep": "25041-270",
        "distrito": 2
      },
      {
        "nome": "EM MINAS GERAIS",
        "tipo": "ESCOLA MUNICIPAL",
        "cep": "25046-560",
        "distrito": 2
      },
      {
        "nome": "EM PROF PAULO FREIRE",
        "tipo": "ESCOLA MUNICIPAL",
        "cep": "25045-290",
        "distrito": 2
      },
      {
        "nome": "CRPH /MUSEU VIVO",
        "tipo": "ESCOLA MUNICIPAL",
        "cep": "25045-010",
        "distrito": 2
      }
    ],
    "secretarias": [],
    "unidades_saude": [],
    "servicos": []
  },
  "Nossa Senhora do Carmo": {
    "escolas": [
      {
        "nome": "EM EULINA PINTO DE BARROS",
        "tipo": "ESCOLA MUNICIPAL",
        "cep": "25040-610",
        "distrito": 2
      }
    ],
    "secretarias": [],
    "unidades_saude": [],
    "servicos": []
  },
  "Loteamento Jardim São Paulo/Bom Retiro": {
    "escolas": [
      {
        "nome": "EM FRANCISCO OSWALDO NEVES DORNELLES",
        "tipo": "ESCOLA MUNICIPAL",
        "cep": "",
        "distrito": 2
      }
    ],
    "secretarias": [],
    "unidades_saude": [],
    "servicos": []
  },
  "Chácaras Arcampo": {
    "escolas": [
      {
        "nome": "EM JORNALISTA MOACYR PADILHA",
        "tipo": "ESCOLA MUNICIPAL",
        "cep": "25251-560",
        "distrito": 2
      },
      {
        "nome": "EM INTERCULTURAL MÉXICO - PROFª NILCELINA DOS SANTOS \nFERREIRA",
        "tipo": "ESCOLA MUNICIPAL",
        "cep": "25251-070",
        "distrito": 2
      }
    ],
    "secretarias": [],
    "unidades_saude": [],
    "servicos": []
  },
  "São Bento": {
    "escolas": [
      {
        "nome": "EM JOSÉ CAMILO DOS SANTOS",
        "tipo": "ESCOLA MUNICIPAL",
        "cep": "25045-030",
        "distrito": 2
      },
      {
        "nome": "EM NÍSIA VILELA FERNANDES",
        "tipo": "ESCOLA MUNICIPAL",
        "cep": "25045-030",
        "distrito": 2
      },
      {
        "nome": "EM PROF ALBERTO RIBEIRO VASCONCELLOS",
        "tipo": "ESCOLA MUNICIPAL",
        "cep": "25040-000",
        "distrito": 2
      },
      {
        "nome": "EM SETE DE SETEMBRO",
        "tipo": "ESCOLA MUNICIPAL",
        "cep": "25045-000",
        "distrito": 2
      }
    ],
    "secretarias": [],
    "unidades_saude": [],
    "servicos": []
  },
  "Parque Independência": {
    "escolas": [
      {
        "nome": "EM MARCÍLIO DIAS",
        "tipo": "ESCOLA MUNICIPAL",
        "cep": "25211-300",
        "distrito": 2
      }
    ],
    "secretarias": [],
    "unidades_saude": [],
    "servicos": []
  },
  "3358": {
    "escolas": [
      {
        "nome": "EE MUNICIPALIZADA MARECHAL MASCARENHAS DE MORAES",
        "tipo": "ESCOLA MUNICIPAL",
        "cep": "25333-540",
        "distrito": 2
      }
    ],
    "secretarias": [],
    "unidades_saude": [],
    "servicos": []
  },
  "Vila Santo Antônio": {
    "escolas": [
      {
        "nome": "EM MARIA CLARA MACHADO",
        "tipo": "ESCOLA MUNICIPAL",
        "cep": "25040-160",
        "distrito": 2
      },
      {
        "nome": "ANEXO (Escola): IGREJA CRISTÃ EVANGÉLICA RENOVADA MINISTÉRIO BOAS NOVAS",
        "tipo": "ESCOLA MUNICIPAL",
        "cep": "25040-560",
        "distrito": 2
      }
    ],
    "secretarias": [],
    "unidades_saude": [],
    "servicos": []
  },
  "São Judas Tadeu": {
    "escolas": [
      {
        "nome": "EM NOSSA SENHORA APARECIDA",
        "tipo": "ESCOLA MUNICIPAL",
        "cep": "25243-050",
        "distrito": 2
      }
    ],
    "secretarias": [],
    "unidades_saude": [],
    "servicos": []
  },
  "Fonseca": {
    "escolas": [
      {
        "nome": "PRÉ - ESCOLA MUNICIPAL PROFª MARIA ANGER DIAS GUARINO",
        "tipo": "ESCOLA MUNICIPAL",
        "cep": "25225-430",
        "distrito": 2
      }
    ],
    "secretarias": [],
    "unidades_saude": [],
    "servicos": []
  },
  "Vila Santa Cruz": {
    "escolas": [
      {
        "nome": "EM PROF JOÃO FAUSTINO DE FRANÇA SOBRINHO",
        "tipo": "ESCOLA MUNICIPAL",
        "cep": "25240-170",
        "distrito": 2
      },
      {
        "nome": "EM PEDRO PAULO DA SILVA",
        "tipo": "ESCOLA MUNICIPAL",
        "cep": "25260-220",
        "distrito": 3
      },
      {
        "nome": "EM PROFª CARMEN LÚCIA RESENDE \nALVIM DA SILVA",
        "tipo": "ESCOLA MUNICIPAL",
        "cep": "25255-220",
        "distrito": 3
      }
    ],
    "secretarias": [],
    "unidades_saude": [],
    "servicos": []
  },
  "S. Bento": {
    "escolas": [
      {
        "nome": "EM PROFª ELISABETH LOPES CABRAL",
        "tipo": "ESCOLA MUNICIPAL",
        "cep": "25045-660",
        "distrito": 2
      }
    ],
    "secretarias": [],
    "unidades_saude": [],
    "servicos": []
  },
  "Jardim Anhangá": {
    "escolas": [
      {
        "nome": "CCAIC - JARDIM ANHANGÁ",
        "tipo": "CCAIC",
        "cep": "25264-530",
        "distrito": 3
      },
      {
        "nome": "CRECHE E PRÉ-ESCOLA MUNICIPAL PROFª \nROSALITA DA SILVA NETTO",
        "tipo": "CRECHE",
        "cep": "25264-452",
        "distrito": 3
      },
      {
        "nome": "CRECHE E PRÉ-ESCOLA MUNICIPAL DEPUTADO \nJOSÉ CARLOS COUTINHO",
        "tipo": "CRECHE",
        "cep": "",
        "distrito": 3
      },
      {
        "nome": "CIEP BRIZOLÃO MUNICIPALIZADO 319 - ODUVALDO VIANA FILHO",
        "tipo": "CIEP",
        "cep": "25264-350",
        "distrito": 3
      },
      {
        "nome": "EM JARDIM ANHANGÁ",
        "tipo": "ESCOLA MUNICIPAL",
        "cep": "25264-530",
        "distrito": 3
      },
      {
        "nome": "EM PROFª DULCE TRINDADE BRAGA",
        "tipo": "ESCOLA MUNICIPAL",
        "cep": "25264-350",
        "distrito": 3
      }
    ],
    "secretarias": [],
    "unidades_saude": [],
    "servicos": []
  },
  "Nova Campinas": {
    "escolas": [
      {
        "nome": "CRECHE e PRÉ-ESC MUNICIPAL PROFª \nARMANDA ÁLVARO ALBERTO",
        "tipo": "CRECHE",
        "cep": "25268-010",
        "distrito": 3
      },
      {
        "nome": "CRECHE E EM DONA LEDA GRANJA VICTER",
        "tipo": "CRECHE",
        "cep": "25268-220",
        "distrito": 3
      },
      {
        "nome": "CIEP BRIZOLÃO MUNICIPALIZADO 227 - PROCÓPIO FERREIRA",
        "tipo": "CIEP",
        "cep": "25268-010",
        "distrito": 3
      },
      {
        "nome": "EM SENADOR AFONSO ARINOS",
        "tipo": "ESCOLA MUNICIPAL",
        "cep": "25268-370",
        "distrito": 3
      }
    ],
    "secretarias": [],
    "unidades_saude": [],
    "servicos": []
  },
  "Jardim Imbariê": {
    "escolas": [
      {
        "nome": "CRECHE MUNICIPAL MONSENHOR LIBRELLOTO",
        "tipo": "CRECHE",
        "cep": "25271-020",
        "distrito": 3
      },
      {
        "nome": "CRECHE E PRÉ-ESCOLA MUNICIPAL PROFª DALVA LAZARONI\nDE MORAES",
        "tipo": "CRECHE",
        "cep": "25271-660",
        "distrito": 3
      },
      {
        "nome": "CIEP BRIZOLÃO MUNICIPALIZADO 330 -MARIA DA GLORIA CORREA LEMOS",
        "tipo": "CIEP",
        "cep": "25272-030",
        "distrito": 3
      },
      {
        "nome": "EM FRANCISCO BARBOZA LEITE",
        "tipo": "ESCOLA MUNICIPAL",
        "cep": "25270-450",
        "distrito": 3
      },
      {
        "nome": "EM NOVA CAMPINAS",
        "tipo": "ESCOLA MUNICIPAL",
        "cep": "25271-020",
        "distrito": 3
      },
      {
        "nome": "EM ROBERTO WEGUELIN DE ABREU",
        "tipo": "ESCOLA MUNICIPAL",
        "cep": "25271-540",
        "distrito": 3
      }
    ],
    "secretarias": [],
    "unidades_saude": [],
    "servicos": []
  },
  "Parque Paulista": {
    "escolas": [
      {
        "nome": "CIEP BRIZOLÃO MUNICIPALIZADO 015 - HENRIQUE DE SOUZA FILHO - HENFIL",
        "tipo": "CIEP",
        "cep": "25261-000",
        "distrito": 3
      },
      {
        "nome": "EM LUIZ GAMA BORGES",
        "tipo": "ESCOLA MUNICIPAL",
        "cep": "25261-440",
        "distrito": 3
      },
      {
        "nome": "EM ZIRALDO ALVES PINTO",
        "tipo": "ESCOLA MUNICIPAL",
        "cep": "25261-000",
        "distrito": 3
      }
    ],
    "secretarias": [],
    "unidades_saude": [],
    "servicos": []
  },
  "Vila Angélica": {
    "escolas": [
      {
        "nome": "CIEP BRIZOLÃO MUNICIPALIZADO 407 - NEUSA GOULART BRIZOLA",
        "tipo": "CIEP",
        "cep": "25272-230",
        "distrito": 3
      }
    ],
    "secretarias": [],
    "unidades_saude": [],
    "servicos": []
  },
  "Vila Bernadete": {
    "escolas": [
      {
        "nome": "EM ALMIRANTE TAMANDARÉ",
        "tipo": "ESCOLA MUNICIPAL",
        "cep": "25272-660",
        "distrito": 3
      }
    ],
    "secretarias": [],
    "unidades_saude": [],
    "servicos": []
  },
  "Taquara": {
    "escolas": [
      {
        "nome": "EM BARÃO DA TAQUARA",
        "tipo": "ESCOLA MUNICIPAL",
        "cep": "25270-000",
        "distrito": 3
      }
    ],
    "secretarias": [],
    "unidades_saude": [],
    "servicos": []
  },
  "Jardim Barro Branco": {
    "escolas": [
      {
        "nome": "EM BARRO BRANCO",
        "tipo": "ESCOLA MUNICIPAL",
        "cep": "25267-120",
        "distrito": 3
      }
    ],
    "secretarias": [],
    "unidades_saude": [],
    "servicos": []
  },
  "Parada Morabi": {
    "escolas": [
      {
        "nome": "EM CFN EDUARDO GOMES DE OLIVEIRA",
        "tipo": "ESCOLA MUNICIPAL",
        "cep": "25265-180",
        "distrito": 3
      }
    ],
    "secretarias": [],
    "unidades_saude": [],
    "servicos": []
  },
  "Jd. Anhangá": {
    "escolas": [
      {
        "nome": "EM GENERAL MOURÃO FILHO",
        "tipo": "ESCOLA MUNICIPAL",
        "cep": "25468-420",
        "distrito": 3
      }
    ],
    "secretarias": [],
    "unidades_saude": [],
    "servicos": []
  },
  "Parada Angélica": {
    "escolas": [
      {
        "nome": "EM MÁRCIO FIAT",
        "tipo": "ESCOLA MUNICIPAL",
        "cep": "25272-292",
        "distrito": 3
      },
      {
        "nome": "EM MARECHAL FLORIANO PEIXOTO",
        "tipo": "ESCOLA MUNICIPAL",
        "cep": "",
        "distrito": 3
      }
    ],
    "secretarias": [],
    "unidades_saude": [],
    "servicos": []
  },
  "Parque Estrela": {
    "escolas": [
      {
        "nome": "EM PAULO RODRIGUES PEREIRA",
        "tipo": "ESCOLA MUNICIPAL",
        "cep": "25275-300",
        "distrito": 3
      }
    ],
    "secretarias": [],
    "unidades_saude": [],
    "servicos": []
  },
  "Vila Araci (Imbariê)": {
    "escolas": [
      {
        "nome": "EM PROFª CARMEM CORRÊA DE \nCARVALHO REIS BRAZ",
        "tipo": "ESCOLA MUNICIPAL",
        "cep": "25266-000",
        "distrito": 3
      }
    ],
    "secretarias": [],
    "unidades_saude": [],
    "servicos": []
  },
  "km 53  Taquara": {
    "escolas": [
      {
        "nome": "EM PROFª DALVA BORGES DA CUNHA",
        "tipo": "ESCOLA MUNICIPAL",
        "cep": "25070-189",
        "distrito": 3
      }
    ],
    "secretarias": [],
    "unidades_saude": [],
    "servicos": []
  },
  "Santa Lúcia": {
    "escolas": [
      {
        "nome": "EE MUNICIPALIZADA PROFª MARIA DE ARAUJO DA SILVA",
        "tipo": "ESCOLA MUNICIPAL",
        "cep": "25275-000",
        "distrito": 3
      }
    ],
    "secretarias": [],
    "unidades_saude": [],
    "servicos": []
  },
  "Santa Cruz da Serra": {
    "escolas": [
      {
        "nome": "EM ROTARY",
        "tipo": "ESCOLA MUNICIPAL",
        "cep": "25255-070",
        "distrito": 3
      },
      {
        "nome": "EM PROF RAUL DE OLIVEIRA",
        "tipo": "ESCOLA MUNICIPAL",
        "cep": "25450-220",
        "distrito": 4
      }
    ],
    "secretarias": [],
    "unidades_saude": [],
    "servicos": []
  },
  "Parque Equitativa": {
    "escolas": [
      {
        "nome": "EM SANTA LUZIA",
        "tipo": "ESCOLA MUNICIPAL",
        "cep": "25260-370",
        "distrito": 3
      }
    ],
    "secretarias": [],
    "unidades_saude": [],
    "servicos": []
  },
  "Parque Santa Rosa": {
    "escolas": [
      {
        "nome": "EM ULYSSES SILVEIRA GUIMARÃES",
        "tipo": "ESCOLA MUNICIPAL",
        "cep": "25275-455",
        "distrito": 3
      }
    ],
    "secretarias": [],
    "unidades_saude": [],
    "servicos": []
  },
  "Amapá": {
    "escolas": [
      {
        "nome": "CCAIC - AMAPÁ",
        "tipo": "CCAIC",
        "cep": "25235-460",
        "distrito": 4
      },
      {
        "nome": "EM BARÃO DO AMAPÁ",
        "tipo": "ESCOLA MUNICIPAL",
        "cep": "25235-460",
        "distrito": 4
      }
    ],
    "secretarias": [],
    "unidades_saude": [],
    "servicos": []
  },
  "Parque Xerém": {
    "escolas": [
      {
        "nome": "CCAIC - XERÉM",
        "tipo": "CCAIC",
        "cep": "25245-410",
        "distrito": 4
      },
      {
        "nome": "CRECHE e EM BAIRRO TABULEIRO",
        "tipo": "CRECHE",
        "cep": "25245-750",
        "distrito": 4
      },
      {
        "nome": "CIEP BRIZOLÃO MUNICIPALIZADO 338 - CÉLIA RABELO",
        "tipo": "CIEP",
        "cep": "25245-410",
        "distrito": 4
      },
      {
        "nome": "EM EMBAIXADOR OSWALDO ARANHA",
        "tipo": "ESCOLA MUNICIPAL",
        "cep": "25245-640",
        "distrito": 4
      },
      {
        "nome": "EM LENI FERNANDES DO NASCIMENTO",
        "tipo": "ESCOLA MUNICIPAL",
        "cep": "25245-790",
        "distrito": 4
      }
    ],
    "secretarias": [],
    "unidades_saude": [],
    "servicos": []
  },
  "Xerém": {
    "escolas": [
      {
        "nome": "CRECHE e PRÉ-ESCOLA MUNICIPAL \nPROFª MARÍLIA DA SILVA SIQUEIRA",
        "tipo": "CRECHE",
        "cep": "25245-390",
        "distrito": 4
      },
      {
        "nome": "EM SARGENTO JOÃO DÉLIO DOS SANTOS",
        "tipo": "ESCOLA MUNICIPAL",
        "cep": "25065-170",
        "distrito": 4
      }
    ],
    "secretarias": [],
    "unidades_saude": [],
    "servicos": []
  },
  "Vila Bonança": {
    "escolas": [
      {
        "nome": "EM BRASÍLIA",
        "tipo": "ESCOLA MUNICIPAL",
        "cep": "25255-480",
        "distrito": 4
      }
    ],
    "secretarias": [],
    "unidades_saude": [],
    "servicos": []
  },
  "Mantiquira": {
    "escolas": [
      {
        "nome": "EM BRASIL-ITÁLIA",
        "tipo": "ESCOLA MUNICIPAL",
        "cep": "25250-410",
        "distrito": 4
      },
      {
        "nome": "EM SANTA RITA",
        "tipo": "ESCOLA MUNICIPAL",
        "cep": "25250-410",
        "distrito": 4
      },
      {
        "nome": "EM SANTO AGOSTINHO",
        "tipo": "ESCOLA MUNICIPAL",
        "cep": "25250-572",
        "distrito": 4
      }
    ],
    "secretarias": [],
    "unidades_saude": [],
    "servicos": []
  },
  "Jardim Olimpo": {
    "escolas": [
      {
        "nome": "EM CASTRO ALVES",
        "tipo": "ESCOLA MUNICIPAL",
        "cep": "25255-350",
        "distrito": 4
      }
    ],
    "secretarias": [],
    "unidades_saude": [],
    "servicos": []
  },
  "Vila Canaan": {
    "escolas": [
      {
        "nome": "EM MONTESE",
        "tipo": "ESCOLA MUNICIPAL",
        "cep": "25255-280",
        "distrito": 4
      }
    ],
    "secretarias": [],
    "unidades_saude": [],
    "servicos": []
  },
  "Vila Santa Alice": {
    "escolas": [
      {
        "nome": "EM PROFª AILA SALDANHA DO COUTO",
        "tipo": "ESCOLA MUNICIPAL",
        "cep": "25250-310",
        "distrito": 4
      }
    ],
    "secretarias": [],
    "unidades_saude": [],
    "servicos": []
  },
  "Parque Duque": {
    "escolas": [],
    "secretarias": [
      {
        "nome": "FUNDEC – FUNDAÇÃO DE APOIO À ESCOLA TÉCNICA, TECNOLOGIA, ESPORTE, LAZER, CULTURA E POLÍTICAS SOCIAIS DE DUQUE DE CAXIAS",
        "cep": "25.085-131",
        "distrito": 1
      },
      {
        "nome": "SECRETARIA MUNICIPAL DE DEFESA CIVIL",
        "cep": "25085-015",
        "distrito": 1
      },
      {
        "nome": "SECRETARIA MUNICIPAL DE TRABALHO, EMPREGO E RENDA",
        "cep": "25.085-131",
        "distrito": 1
      }
    ],
    "unidades_saude": [],
    "servicos": []
  },
  "25 de Agosto": {
    "escolas": [],
    "secretarias": [
      {
        "nome": "PROCURADORIA-GERAL DO MUNICÍPIO (PGM)",
        "cep": "25.075-005",
        "distrito": 1
      },
      {
        "nome": "SECRETARIA MUNICIPAL DE ASSISTÊNCIA SOCIAL E DIREITOS HUMANOS",
        "cep": "25.071-182",
        "distrito": 1
      },
      {
        "nome": "SECRETARIA MUNICIPAL DE EDUCAÇÃO",
        "cep": "25.071-120",
        "distrito": 1
      },
      {
        "nome": "SECRETARIA MUNICIPAL DE ESPORTE E LAZER",
        "cep": "25.075-080",
        "distrito": 1
      },
      {
        "nome": "SECRETARIA MUNICIPAL DE EVENTOS",
        "cep": "25.071-210",
        "distrito": 1
      },
      {
        "nome": "SECRETARIA MUNICIPAL DE GESTÃO E INCLUSÃO E MULHER",
        "cep": "25.071-210",
        "distrito": 1
      },
      {
        "nome": "SECRETARIA MUNICIPAL DE SEGURANÇA PÚBLICA",
        "cep": "25.070-005",
        "distrito": 1
      },
      {
        "nome": "SECRETARIA MUNICIPAL DE TRANSPORTES E SERVIÇOS PÚBLICOS",
        "cep": "25.071-210",
        "distrito": 1
      }
    ],
    "unidades_saude": [],
    "servicos": []
  },
  "Vila Meriti": {
    "escolas": [],
    "secretarias": [
      {
        "nome": "SECRETARIA MUNICIPAL DE CULTURA E TURISMO",
        "cep": "25020-060",
        "distrito": 1
      }
    ],
    "unidades_saude": [],
    "servicos": []
  },
  "Não identificado": {
    "escolas": [],
    "secretarias": [],
    "unidades_saude": [
      {
        "nome": "CAPS - Centro de Atençaõ Psicossocial Leslie Sanford Chavin",
        "tipo": "CAPS - Centro de Atenção Psicossocial",
        "distrito": 1
      },
      {
        "nome": "CAPS AD - Centro de Atenção Psicossocial Álcool e Drogas",
        "tipo": "CAPS - Centro de Atenção Psicossocial",
        "distrito": 1
      },
      {
        "nome": "CAPS IJ - Centro de Atenção Psicossocial Infanto Juvenil",
        "tipo": "CAPS - Centro de Atenção Psicossocial",
        "distrito": 1
      },
      {
        "nome": "CEAPD - Centro de Atenção ao Portador de Deficiência (CER II)",
        "tipo": "Desconhecido",
        "distrito": 1
      },
      {
        "nome": "CEO Centro - Centro de Especialidades Odontológicas (CMS)",
        "tipo": "CEO - Centro de Especialidades Odontológicas",
        "distrito": 1
      },
      {
        "nome": "CEO Imbariê - Centro de Especialidades Odontológicas",
        "tipo": "CEO - Centro de Especialidades Odontológicas",
        "distrito": 1
      },
      {
        "nome": "CEO Prainha - Centro de Especialidades Odontológicas",
        "tipo": "CEO - Centro de Especialidades Odontológicas",
        "distrito": 1
      },
      {
        "nome": "CER IV - Centro Especializado de Reabilitação",
        "tipo": "Desconhecido",
        "distrito": 1
      },
      {
        "nome": "CMS Duque de Caxias - Centro Municipal de Saúde",
        "tipo": "CMS - Centro Municipal de Saúde",
        "distrito": 1
      },
      {
        "nome": "CRAESM - Centro de Referência e Atenção Especializada à Saúde da Mulher",
        "tipo": "Desconhecido",
        "distrito": 1
      },
      {
        "nome": "Hospital Infantil de Parada Angélica (Padre Guilherme)",
        "tipo": "Hospital",
        "distrito": 3
      },
      {
        "nome": "Maternidade Municipal Santa Cruz da Serra",
        "tipo": "Maternidade",
        "distrito": 3
      },
      {
        "nome": "UBS Sarapuí - Unidade Básica de Saúde",
        "tipo": "UBS - Unidade Básica de Saúde",
        "distrito": 1
      },
      {
        "nome": "UPA Parque Beira-Mar - Unidade de Pronto Atendimento",
        "tipo": "UPA - Unidade de Pronto Atendimento",
        "distrito": 1
      },
      {
        "nome": "UPA Parque Lafaiete - Unidade de Pronto Atendimento",
        "tipo": "UPA - Unidade de Pronto Atendimento",
        "distrito": 1
      },
      {
        "nome": "UPA Sarapuí - Unidade de Pronto Atendimento",
        "tipo": "UPA - Unidade de Pronto Atendimento",
        "distrito": 1
      },
      {
        "nome": "UPH Campos Elíseos - Unidade Pré-Hospitalar",
        "tipo": "UPH - Unidade Pré-Hospitalar",
        "distrito": 2
      },
      {
        "nome": "UPH Imbariê - Dr. Jorge Rodrigues Pereira",
        "tipo": "UPH - Unidade Pré-Hospitalar",
        "distrito": 3
      },
      {
        "nome": "UPH Parque Equitativa - Unidade Pré-Hospitalar",
        "tipo": "UPH - Unidade Pré-Hospitalar",
        "distrito": 3
      },
      {
        "nome": "UPH Pilar - Unidade Pré-Hospitalar (José Moreira da Silva)",
        "tipo": "UPH - Unidade Pré-Hospitalar",
        "distrito": 2
      },
      {
        "nome": "UPH Saracuruna - Unidade Pré-Hospitalar (João Pedro Carletti)",
        "tipo": "UPH - Unidade Pré-Hospitalar",
        "distrito": 2
      },
      {
        "nome": "UPH Xerém - Unidade Pré-Hospitalar (José Evangelista de Souza)",
        "tipo": "UPH - Unidade Pré-Hospitalar",
        "distrito": 4
      },
      {
        "nome": "USF Barro Branco - Unidade de Saúde da Família",
        "tipo": "USF - Unidade de Saúde da Família",
        "distrito": 3
      },
      {
        "nome": "USF Gramacho - Unidade de Saúde da Família",
        "tipo": "USF - Unidade de Saúde da Família",
        "distrito": 1
      },
      {
        "nome": "USF Imbariê - Unidade de Saúde da Família",
        "tipo": "USF - Unidade de Saúde da Família",
        "distrito": 3
      },
      {
        "nome": "USF Jardim Anhangá - Unidade de Saúde da Família",
        "tipo": "USF - Unidade de Saúde da Família",
        "distrito": 3
      },
      {
        "nome": "USF Jardim Gramacho - Unidade de Saúde da Família (I, II, III, V)",
        "tipo": "USF - Unidade de Saúde da Família",
        "distrito": 1
      },
      {
        "nome": "USF Jardim Olimpo - Unidade de Saúde da Família",
        "tipo": "USF - Unidade de Saúde da Família",
        "distrito": 4
      },
      {
        "nome": "USF Parada Angélica - Unidade de Saúde da Família",
        "tipo": "USF - Unidade de Saúde da Família",
        "distrito": 3
      },
      {
        "nome": "USF Parada Morabi - Unidade de Saúde da Família",
        "tipo": "USF - Unidade de Saúde da Família",
        "distrito": 3
      },
      {
        "nome": "USF Parque Paulista - Unidade de Saúde da Família",
        "tipo": "USF - Unidade de Saúde da Família",
        "distrito": 3
      },
      {
        "nome": "USF Pilar I e II - Unidade de Saúde da Família",
        "tipo": "USF - Unidade de Saúde da Família",
        "distrito": 2
      },
      {
        "nome": "USF São Bento - Unidade de Saúde da Família",
        "tipo": "USF - Unidade de Saúde da Família",
        "distrito": 2
      },
      {
        "nome": "USF Taquara - Unidade de Saúde da Família (Artur Vinícius)",
        "tipo": "USF - Unidade de Saúde da Família",
        "distrito": 3
      }
    ],
    "servicos": []
  }
}